"DateTime","Players","Average Players"
"2011-11-30 00:00:00",680,
"2011-12-01 00:00:00",,
"2011-12-02 00:00:00",,
"2011-12-03 00:00:00",,
"2011-12-04 00:00:00",,
"2011-12-05 00:00:00",,
"2011-12-06 00:00:00",,
"2011-12-07 00:00:00",,
"2011-12-08 00:00:00",,
"2011-12-09 00:00:00",,
"2011-12-10 00:00:00",,
"2011-12-11 00:00:00",,
"2011-12-12 00:00:00",,
"2011-12-13 00:00:00",,
"2011-12-14 00:00:00",,
"2011-12-15 00:00:00",,
"2011-12-16 00:00:00",,
"2011-12-17 00:00:00",,
"2011-12-18 00:00:00",,
"2011-12-19 00:00:00",,
"2011-12-20 00:00:00",,
"2011-12-21 00:00:00",,
"2011-12-22 00:00:00",,
"2011-12-23 00:00:00",,
"2011-12-24 00:00:00",,
"2011-12-25 00:00:00",,
"2011-12-26 00:00:00",,
"2011-12-27 00:00:00",,
"2011-12-28 00:00:00",,
"2011-12-29 00:00:00",,
"2011-12-30 00:00:00",,
"2011-12-31 00:00:00",,
"2012-01-01 00:00:00",,
"2012-01-02 00:00:00",,
"2012-01-03 00:00:00",,
"2012-01-04 00:00:00",,
"2012-01-05 00:00:00",,
"2012-01-06 00:00:00",,
"2012-01-07 00:00:00",,
"2012-01-08 00:00:00",,
"2012-01-09 00:00:00",,
"2012-01-10 00:00:00",,
"2012-01-11 00:00:00",,
"2012-01-12 00:00:00",,
"2012-01-13 00:00:00",,
"2012-01-14 00:00:00",,
"2012-01-15 00:00:00",,
"2012-01-16 00:00:00",,
"2012-01-17 00:00:00",,
"2012-01-18 00:00:00",,
"2012-01-19 00:00:00",,
"2012-01-20 00:00:00",,
"2012-01-21 00:00:00",,
"2012-01-22 00:00:00",,
"2012-01-23 00:00:00",,
"2012-01-24 00:00:00",,
"2012-01-25 00:00:00",,
"2012-01-26 00:00:00",,
"2012-01-27 00:00:00",,
"2012-01-28 00:00:00",,
"2012-01-29 00:00:00",,
"2012-01-30 00:00:00",,
"2012-01-31 00:00:00",,
"2012-02-01 00:00:00",,
"2012-02-02 00:00:00",,
"2012-02-03 00:00:00",,
"2012-02-04 00:00:00",,
"2012-02-05 00:00:00",,
"2012-02-06 00:00:00",,
"2012-02-07 00:00:00",,
"2012-02-08 00:00:00",,
"2012-02-09 00:00:00",,
"2012-02-10 00:00:00",,
"2012-02-11 00:00:00",,
"2012-02-12 00:00:00",,
"2012-02-13 00:00:00",,
"2012-02-14 00:00:00",,
"2012-02-15 00:00:00",,
"2012-02-16 00:00:00",,
"2012-02-17 00:00:00",,
"2012-02-18 00:00:00",,
"2012-02-19 00:00:00",,
"2012-02-20 00:00:00",,
"2012-02-21 00:00:00",,
"2012-02-22 00:00:00",,
"2012-02-23 00:00:00",,
"2012-02-24 00:00:00",,
"2012-02-25 00:00:00",,
"2012-02-26 00:00:00",,
"2012-02-27 00:00:00",,
"2012-02-28 00:00:00",204,
"2012-02-29 00:00:00",,
"2012-03-01 00:00:00",,
"2012-03-02 00:00:00",,
"2012-03-03 00:00:00",,
"2012-03-04 00:00:00",,
"2012-03-05 00:00:00",,
"2012-03-06 00:00:00",,
"2012-03-07 00:00:00",,
"2012-03-08 00:00:00",,
"2012-03-09 00:00:00",460,
"2012-03-10 00:00:00",,
"2012-03-11 00:00:00",,
"2012-03-12 00:00:00",,
"2012-03-13 00:00:00",,
"2012-03-14 00:00:00",,
"2012-03-15 00:00:00",,
"2012-03-16 00:00:00",728,
"2012-03-17 00:00:00",678,
"2012-03-18 00:00:00",570,
"2012-03-19 00:00:00",448,
"2012-03-20 00:00:00",225,
"2012-03-21 00:00:00",421,
"2012-03-22 00:00:00",653,
"2012-03-23 00:00:00",1035,
"2012-03-24 00:00:00",1081,
"2012-03-25 00:00:00",848,
"2012-03-26 00:00:00",700,
"2012-03-27 00:00:00",572,
"2012-03-28 00:00:00",537,
"2012-03-29 00:00:00",1263,
"2012-03-30 00:00:00",1238,
"2012-03-31 00:00:00",1041,
"2012-04-01 00:00:00",834,
"2012-04-02 00:00:00",674,
"2012-04-03 00:00:00",603,
"2012-04-04 00:00:00",539,
"2012-04-05 00:00:00",490,
"2012-04-06 00:00:00",,
"2012-04-07 00:00:00",,
"2012-04-08 00:00:00",,
"2012-04-09 00:00:00",,
"2012-04-10 00:00:00",,
"2012-04-11 00:00:00",,
"2012-04-12 00:00:00",,
"2012-04-13 00:00:00",1895,
"2012-04-14 00:00:00",1899,
"2012-04-15 00:00:00",1472,
"2012-04-16 00:00:00",1122,
"2012-04-17 00:00:00",903,
"2012-04-18 00:00:00",896,
"2012-04-19 00:00:00",793,
"2012-04-20 00:00:00",1027,
"2012-04-21 00:00:00",1135,
"2012-04-22 00:00:00",876,
"2012-04-23 00:00:00",742,
"2012-04-24 00:00:00",654,
"2012-04-25 00:00:00",620,
"2012-04-26 00:00:00",574,
"2012-04-27 00:00:00",1058,
"2012-04-28 00:00:00",1036,
"2012-04-29 00:00:00",927,
"2012-04-30 00:00:00",739,
"2012-05-01 00:00:00",657,
"2012-05-02 00:00:00",596,
"2012-05-03 00:00:00",586,
"2012-05-04 00:00:00",720,
"2012-05-05 00:00:00",716,
"2012-05-06 00:00:00",691,
"2012-05-07 00:00:00",562,
"2012-05-08 00:00:00",488,
"2012-05-09 00:00:00",450,
"2012-05-10 00:00:00",465,
"2012-05-11 00:00:00",1764,
"2012-05-12 00:00:00",1498,
"2012-05-13 00:00:00",1234,
"2012-05-14 00:00:00",950,
"2012-05-15 00:00:00",749,
"2012-05-16 00:00:00",663,
"2012-05-17 00:00:00",665,
"2012-05-18 00:00:00",1829,
"2012-05-19 00:00:00",1845,
"2012-05-20 00:00:00",1389,
"2012-05-21 00:00:00",2097,
"2012-05-22 00:00:00",1985,
"2012-05-23 00:00:00",1800,
"2012-05-24 00:00:00",1457,
"2012-05-25 00:00:00",1444,
"2012-05-26 00:00:00",1310,
"2012-05-27 00:00:00",1254,
"2012-05-28 00:00:00",1158,
"2012-05-29 00:00:00",1104,
"2012-05-30 00:00:00",1083,
"2012-05-31 00:00:00",968,
"2012-06-01 00:00:00",2919,
"2012-06-02 00:00:00",2732,
"2012-06-03 00:00:00",2329,
"2012-06-04 00:00:00",1987,
"2012-06-05 00:00:00",1736,
"2012-06-06 00:00:00",1619,
"2012-06-07 00:00:00",1549,
"2012-06-08 00:00:00",1381,
"2012-06-09 00:00:00",1342,
"2012-06-10 00:00:00",1282,
"2012-06-11 00:00:00",1302,
"2012-06-12 00:00:00",1219,
"2012-06-13 00:00:00",1289,
"2012-06-14 00:00:00",1147,
"2012-06-15 00:00:00",1173,
"2012-06-16 00:00:00",1194,
"2012-06-17 00:00:00",1129,
"2012-06-18 00:00:00",1096,
"2012-06-19 00:00:00",1078,
"2012-06-20 00:00:00",1228,
"2012-06-21 00:00:00",1169,
"2012-06-22 00:00:00",1359,
"2012-06-23 00:00:00",2167,
"2012-06-24 00:00:00",1440,
"2012-06-25 00:00:00",1392,
"2012-06-26 00:00:00",1232,
"2012-06-27 00:00:00",937,
"2012-06-28 00:00:00",1010,
"2012-06-29 00:00:00",1123,
"2012-06-30 00:00:00",1194,
"2012-07-01 00:00:00",1642,
"2012-07-02 00:00:00",1140,
"2012-07-03 00:00:00",1117,
"2012-07-04 00:00:00",1032,
"2012-07-05 00:00:00",992,
"2012-07-06 00:00:00",1870,
"2012-07-07 00:00:00",1883,
"2012-07-08 00:00:00",1883,
"2012-07-09 00:00:00",1674,
"2012-07-10 00:00:00",1501,
"2012-07-11 00:00:00",1437,
"2012-07-12 00:00:00",1972,
"2012-07-13 00:00:00",1969,
"2012-07-14 00:00:00",1882,
"2012-07-15 00:00:00",1804,
"2012-07-16 00:00:00",1666,
"2012-07-17 00:00:00",1623,
"2012-07-18 00:00:00",1543,
"2012-07-19 00:00:00",1504,
"2012-07-20 00:00:00",1395,
"2012-07-21 00:00:00",1528,
"2012-07-22 00:00:00",1451,
"2012-07-23 00:00:00",1328,
"2012-07-24 00:00:00",1315,
"2012-07-25 00:00:00",1238,
"2012-07-26 00:00:00",1155,
"2012-07-27 00:00:00",1248,
"2012-07-28 00:00:00",1473,
"2012-07-29 00:00:00",1493,
"2012-07-30 00:00:00",1451,
"2012-07-31 00:00:00",1284,
"2012-08-01 00:00:00",52261,
"2012-08-02 00:00:00",1156,
"2012-08-03 00:00:00",1209,
"2012-08-04 00:00:00",1316,
"2012-08-05 00:00:00",1275,
"2012-08-06 00:00:00",1483,
"2012-08-07 00:00:00",1585,
"2012-08-08 00:00:00",1685,
"2012-08-09 00:00:00",1581,
"2012-08-10 00:00:00",2448,
"2012-08-11 00:00:00",2599,
"2012-08-12 00:00:00",2562,
"2012-08-13 00:00:00",2766,
"2012-08-14 00:00:00",32396,
"2012-08-15 00:00:00",31446,
"2012-08-16 00:00:00",28953,
"2012-08-17 00:00:00",26875,
"2012-08-18 00:00:00",31597,
"2012-08-19 00:00:00",31284,
"2012-08-20 00:00:00",52596,
"2012-08-21 00:00:00",49418,
"2012-08-22 00:00:00",45563,
"2012-08-23 00:00:00",41807,
"2012-08-24 00:00:00",40608,
"2012-08-25 00:00:00",42936,
"2012-08-26 00:00:00",40621,
"2012-08-27 00:00:00",37754,
"2012-08-28 00:00:00",35634,
"2012-08-29 00:00:00",33207,
"2012-08-30 00:00:00",31832,
"2012-08-31 00:00:00",31747,
"2012-09-01 00:00:00",36057,
"2012-09-02 00:00:00",36870,
"2012-09-03 00:00:00",33922,
"2012-09-04 00:00:00",29302,
"2012-09-05 00:00:00",28446,
"2012-09-06 00:00:00",26028,
"2012-09-07 00:00:00",16992,
"2012-09-08 00:00:00",16992,
"2012-09-09 00:00:00",29223,
"2012-09-10 00:00:00",26599,
"2012-09-11 00:00:00",26739,
"2012-09-12 00:00:00",25895,
"2012-09-13 00:00:00",25290,
"2012-09-14 00:00:00",24962,
"2012-09-15 00:00:00",28447,
"2012-09-16 00:00:00",26686,
"2012-09-17 00:00:00",23856,
"2012-09-18 00:00:00",21597,
"2012-09-19 00:00:00",22118,
"2012-09-20 00:00:00",20544,
"2012-09-21 00:00:00",21263,
"2012-09-22 00:00:00",24475,
"2012-09-23 00:00:00",23329,
"2012-09-24 00:00:00",20387,
"2012-09-25 00:00:00",20354,
"2012-09-26 00:00:00",19894,
"2012-09-27 00:00:00",18732,
"2012-09-28 00:00:00",18543,
"2012-09-29 00:00:00",21247,
"2012-09-30 00:00:00",20273,
"2012-10-01 00:00:00",20850,
"2012-10-02 00:00:00",18337,
"2012-10-03 00:00:00",18350,
"2012-10-04 00:00:00",18564,
"2012-10-05 00:00:00",18464,
"2012-10-06 00:00:00",19848,
"2012-10-07 00:00:00",20740,
"2012-10-08 00:00:00",18861,
"2012-10-09 00:00:00",17936,
"2012-10-10 00:00:00",17658,
"2012-10-11 00:00:00",16103,
"2012-10-12 00:00:00",17560,
"2012-10-13 00:00:00",20134,
"2012-10-14 00:00:00",18887,
"2012-10-15 00:00:00",17456,
"2012-10-16 00:00:00",17615,
"2012-10-17 00:00:00",16026,
"2012-10-18 00:00:00",14962,
"2012-10-19 00:00:00",14962,
"2012-10-20 00:00:00",18497,
"2012-10-21 00:00:00",17996,
"2012-10-22 00:00:00",20850,
"2012-10-23 00:00:00",19681,
"2012-10-24 00:00:00",16201,
"2012-10-25 00:00:00",15101,
"2012-10-26 00:00:00",15726,
"2012-10-27 00:00:00",17922,
"2012-10-28 00:00:00",17605,
"2012-10-29 00:00:00",16441,
"2012-10-30 00:00:00",16271,
"2012-10-31 00:00:00",21291,
"2012-11-01 00:00:00",50533,
"2012-11-02 00:00:00",48271,
"2012-11-03 00:00:00",50533,
"2012-11-04 00:00:00",46933,
"2012-11-05 00:00:00",25474,
"2012-11-06 00:00:00",21163,
"2012-11-07 00:00:00",21219,
"2012-11-08 00:00:00",21111,
"2012-11-09 00:00:00",20632,
"2012-11-10 00:00:00",22880,
"2012-11-11 00:00:00",22968,
"2012-11-12 00:00:00",21888,
"2012-11-13 00:00:00",19577,
"2012-11-14 00:00:00",18505,
"2012-11-15 00:00:00",18543,
"2012-11-16 00:00:00",18418,
"2012-11-17 00:00:00",20597,
"2012-11-18 00:00:00",20396,
"2012-11-19 00:00:00",20234,
"2012-11-20 00:00:00",18273,
"2012-11-21 00:00:00",18847,
"2012-11-22 00:00:00",18933,
"2012-11-23 00:00:00",18997,
"2012-11-24 00:00:00",21512,
"2012-11-25 00:00:00",21431,
"2012-11-26 00:00:00",23465,
"2012-11-27 00:00:00",23465,
"2012-11-28 00:00:00",23597,
"2012-11-29 00:00:00",22501,
"2012-11-30 00:00:00",20615,
"2012-12-01 00:00:00",27553,
"2012-12-02 00:00:00",23130,
"2012-12-03 00:00:00",22426,
"2012-12-04 00:00:00",21727,
"2012-12-05 00:00:00",22137,
"2012-12-06 00:00:00",22319,
"2012-12-07 00:00:00",22826,
"2012-12-08 00:00:00",25803,
"2012-12-09 00:00:00",25358,
"2012-12-10 00:00:00",25377,
"2012-12-11 00:00:00",23761,
"2012-12-12 00:00:00",22429,
"2012-12-13 00:00:00",22092,
"2012-12-14 00:00:00",20909,
"2012-12-15 00:00:00",23713,
"2012-12-16 00:00:00",23469,
"2012-12-17 00:00:00",23170,
"2012-12-18 00:00:00",22656,
"2012-12-19 00:00:00",21486,
"2012-12-20 00:00:00",21147,
"2012-12-21 00:00:00",20912,
"2012-12-22 00:00:00",22622,
"2012-12-23 00:00:00",22859,
"2012-12-24 00:00:00",18249,
"2012-12-25 00:00:00",20428,
"2012-12-26 00:00:00",23400,
"2012-12-27 00:00:00",24745,
"2012-12-28 00:00:00",26396,
"2012-12-29 00:00:00",27994,
"2012-12-30 00:00:00",28208,
"2012-12-31 00:00:00",25071,
"2013-01-01 00:00:00",31359,
"2013-01-02 00:00:00",27365,
"2013-01-03 00:00:00",27971,
"2013-01-04 00:00:00",27057,
"2013-01-05 00:00:00",31275,
"2013-01-06 00:00:00",31343,
"2013-01-07 00:00:00",30480,
"2013-01-08 00:00:00",28874,
"2013-01-09 00:00:00",27372,
"2013-01-10 00:00:00",27760,
"2013-01-11 00:00:00",26010,
"2013-01-12 00:00:00",29060,
"2013-01-13 00:00:00",28927,
"2013-01-14 00:00:00",27930,
"2013-01-15 00:00:00",27010,
"2013-01-16 00:00:00",26002,
"2013-01-17 00:00:00",25946,
"2013-01-18 00:00:00",24670,
"2013-01-19 00:00:00",28609,
"2013-01-20 00:00:00",29421,
"2013-01-21 00:00:00",29341,
"2013-01-22 00:00:00",27271,
"2013-01-23 00:00:00",27272,
"2013-01-24 00:00:00",27283,
"2013-01-25 00:00:00",25976,
"2013-01-26 00:00:00",29566,
"2013-01-27 00:00:00",29562,
"2013-01-28 00:00:00",27828,
"2013-01-29 00:00:00",26654,
"2013-01-30 00:00:00",26292,
"2013-01-31 00:00:00",26210,
"2013-02-01 00:00:00",35238,
"2013-02-02 00:00:00",29588,
"2013-02-03 00:00:00",29340,
"2013-02-04 00:00:00",27967,
"2013-02-05 00:00:00",27481,
"2013-02-06 00:00:00",25874,
"2013-02-07 00:00:00",28358,
"2013-02-08 00:00:00",30390,
"2013-02-09 00:00:00",35597,
"2013-02-10 00:00:00",35045,
"2013-02-11 00:00:00",34252,
"2013-02-12 00:00:00",31613,
"2013-02-13 00:00:00",27439,
"2013-02-14 00:00:00",27935,
"2013-02-15 00:00:00",28986,
"2013-02-16 00:00:00",33189,
"2013-02-17 00:00:00",33110,
"2013-02-18 00:00:00",32053,
"2013-02-19 00:00:00",28067,
"2013-02-20 00:00:00",27828,
"2013-02-21 00:00:00",27767,
"2013-02-22 00:00:00",27851,
"2013-02-23 00:00:00",31712,
"2013-02-24 00:00:00",31543,
"2013-02-25 00:00:00",30443,
"2013-02-26 00:00:00",27140,
"2013-02-27 00:00:00",28512,
"2013-02-28 00:00:00",28767,
"2013-03-01 00:00:00",32166,
"2013-03-02 00:00:00",30889,
"2013-03-03 00:00:00",30876,
"2013-03-04 00:00:00",28744,
"2013-03-05 00:00:00",25903,
"2013-03-06 00:00:00",25812,
"2013-03-07 00:00:00",25131,
"2013-03-08 00:00:00",25565,
"2013-03-09 00:00:00",30029,
"2013-03-10 00:00:00",29917,
"2013-03-11 00:00:00",27834,
"2013-03-12 00:00:00",24446,
"2013-03-13 00:00:00",26247,
"2013-03-14 00:00:00",26156,
"2013-03-15 00:00:00",25555,
"2013-03-16 00:00:00",29444,
"2013-03-17 00:00:00",29023,
"2013-03-18 00:00:00",28466,
"2013-03-19 00:00:00",27964,
"2013-03-20 00:00:00",27635,
"2013-03-21 00:00:00",27453,
"2013-03-22 00:00:00",27805,
"2013-03-23 00:00:00",32372,
"2013-03-24 00:00:00",32414,
"2013-03-25 00:00:00",30489,
"2013-03-26 00:00:00",28046,
"2013-03-27 00:00:00",28144,
"2013-03-28 00:00:00",28468,
"2013-03-29 00:00:00",27440,
"2013-03-30 00:00:00",28343,
"2013-03-31 00:00:00",29407,
"2013-04-01 00:00:00",31966,
"2013-04-02 00:00:00",26055,
"2013-04-03 00:00:00",27938,
"2013-04-04 00:00:00",28890,
"2013-04-05 00:00:00",28687,
"2013-04-06 00:00:00",32163,
"2013-04-07 00:00:00",29464,
"2013-04-08 00:00:00",27843,
"2013-04-09 00:00:00",26959,
"2013-04-10 00:00:00",29239,
"2013-04-11 00:00:00",27137,
"2013-04-12 00:00:00",28237,
"2013-04-13 00:00:00",31604,
"2013-04-14 00:00:00",29982,
"2013-04-15 00:00:00",28795,
"2013-04-16 00:00:00",27768,
"2013-04-17 00:00:00",28493,
"2013-04-18 00:00:00",27078,
"2013-04-19 00:00:00",26886,
"2013-04-20 00:00:00",30920,
"2013-04-21 00:00:00",29952,
"2013-04-22 00:00:00",28106,
"2013-04-23 00:00:00",24738,
"2013-04-24 00:00:00",27216,
"2013-04-25 00:00:00",26661,
"2013-04-26 00:00:00",27160,
"2013-04-27 00:00:00",31433,
"2013-04-28 00:00:00",30521,
"2013-04-29 00:00:00",27756,
"2013-04-30 00:00:00",25652,
"2013-05-01 00:00:00",53379,
"2013-05-02 00:00:00",26397,
"2013-05-03 00:00:00",26495,
"2013-05-04 00:00:00",29255,
"2013-05-05 00:00:00",27964,
"2013-05-06 00:00:00",28146,
"2013-05-07 00:00:00",27001,
"2013-05-08 00:00:00",26336,
"2013-05-09 00:00:00",25718,
"2013-05-10 00:00:00",26579,
"2013-05-11 00:00:00",29611,
"2013-05-12 00:00:00",29199,
"2013-05-13 00:00:00",26626,
"2013-05-14 00:00:00",25655,
"2013-05-15 00:00:00",30732,
"2013-05-16 00:00:00",44688,
"2013-05-17 00:00:00",51786,
"2013-05-18 00:00:00",53381,
"2013-05-19 00:00:00",42315,
"2013-05-20 00:00:00",36850,
"2013-05-21 00:00:00",35039,
"2013-05-22 00:00:00",34418,
"2013-05-23 00:00:00",32069,
"2013-05-24 00:00:00",31723,
"2013-05-25 00:00:00",34871,
"2013-05-26 00:00:00",35724,
"2013-05-27 00:00:00",33689,
"2013-05-28 00:00:00",31426,
"2013-05-29 00:00:00",33106,
"2013-05-30 00:00:00",31084,
"2013-05-31 00:00:00",29297,
"2013-06-01 00:00:00",33700,
"2013-06-02 00:00:00",33448,
"2013-06-03 00:00:00",31806,
"2013-06-04 00:00:00",30594,
"2013-06-05 00:00:00",30352,
"2013-06-06 00:00:00",29284,
"2013-06-07 00:00:00",27103,
"2013-06-08 00:00:00",31842,
"2013-06-09 00:00:00",32327,
"2013-06-10 00:00:00",31795,
"2013-06-11 00:00:00",30957,
"2013-06-12 00:00:00",32008,
"2013-06-13 00:00:00",31419,
"2013-06-14 00:00:00",28737,
"2013-06-15 00:00:00",33321,
"2013-06-16 00:00:00",33951,
"2013-06-17 00:00:00",32652,
"2013-06-18 00:00:00",32167,
"2013-06-19 00:00:00",31193,
"2013-06-20 00:00:00",30594,
"2013-06-21 00:00:00",27317,
"2013-06-22 00:00:00",32706,
"2013-06-23 00:00:00",33993,
"2013-06-24 00:00:00",33041,
"2013-06-25 00:00:00",31838,
"2013-06-26 00:00:00",30794,
"2013-06-27 00:00:00",29569,
"2013-06-28 00:00:00",28882,
"2013-06-29 00:00:00",32710,
"2013-06-30 00:00:00",34595,
"2013-07-01 00:00:00",42149,
"2013-07-02 00:00:00",32455,
"2013-07-03 00:00:00",31636,
"2013-07-04 00:00:00",30239,
"2013-07-05 00:00:00",27674,
"2013-07-06 00:00:00",31678,
"2013-07-07 00:00:00",32206,
"2013-07-08 00:00:00",31697,
"2013-07-09 00:00:00",30258,
"2013-07-10 00:00:00",32813,
"2013-07-11 00:00:00",33125,
"2013-07-12 00:00:00",32587,
"2013-07-13 00:00:00",34917,
"2013-07-14 00:00:00",34838,
"2013-07-15 00:00:00",34126,
"2013-07-16 00:00:00",33547,
"2013-07-17 00:00:00",32170,
"2013-07-18 00:00:00",32223,
"2013-07-19 00:00:00",32595,
"2013-07-20 00:00:00",40569,
"2013-07-21 00:00:00",42411,
"2013-07-22 00:00:00",41475,
"2013-07-23 00:00:00",39024,
"2013-07-24 00:00:00",36747,
"2013-07-25 00:00:00",36289,
"2013-07-26 00:00:00",32931,
"2013-07-27 00:00:00",37093,
"2013-07-28 00:00:00",36972,
"2013-07-29 00:00:00",36514,
"2013-07-30 00:00:00",36026,
"2013-07-31 00:00:00",34224,
"2013-08-01 00:00:00",50511,
"2013-08-02 00:00:00",29267,
"2013-08-03 00:00:00",34251,
"2013-08-04 00:00:00",33586,
"2013-08-05 00:00:00",33848,
"2013-08-06 00:00:00",33104,
"2013-08-07 00:00:00",31589,
"2013-08-08 00:00:00",31024,
"2013-08-09 00:00:00",30076,
"2013-08-10 00:00:00",34349,
"2013-08-11 00:00:00",34091,
"2013-08-12 00:00:00",33995,
"2013-08-13 00:00:00",40211,
"2013-08-14 00:00:00",45862,
"2013-08-15 00:00:00",45696,
"2013-08-16 00:00:00",44982,
"2013-08-17 00:00:00",51627,
"2013-08-18 00:00:00",49450,
"2013-08-19 00:00:00",48268,
"2013-08-20 00:00:00",46910,
"2013-08-21 00:00:00",48341,
"2013-08-22 00:00:00",45988,
"2013-08-23 00:00:00",44294,
"2013-08-24 00:00:00",48892,
"2013-08-25 00:00:00",47363,
"2013-08-26 00:00:00",45160,
"2013-08-27 00:00:00",45129,
"2013-08-28 00:00:00",45692,
"2013-08-29 00:00:00",43360,
"2013-08-30 00:00:00",43062,
"2013-08-31 00:00:00",42838,
"2013-09-01 00:00:00",52052,
"2013-09-02 00:00:00",44064,
"2013-09-03 00:00:00",41754,
"2013-09-04 00:00:00",43413,
"2013-09-05 00:00:00",41612,
"2013-09-06 00:00:00",44671,
"2013-09-07 00:00:00",50837,
"2013-09-08 00:00:00",46553,
"2013-09-09 00:00:00",42807,
"2013-09-10 00:00:00",40965,
"2013-09-11 00:00:00",44712,
"2013-09-12 00:00:00",44173,
"2013-09-13 00:00:00",47175,
"2013-09-14 00:00:00",51134,
"2013-09-15 00:00:00",46788,
"2013-09-16 00:00:00",42682,
"2013-09-17 00:00:00",38693,
"2013-09-18 00:00:00",42817,
"2013-09-19 00:00:00",44988,
"2013-09-20 00:00:00",47978,
"2013-09-21 00:00:00",51215,
"2013-09-22 00:00:00",45591,
"2013-09-23 00:00:00",44195,
"2013-09-24 00:00:00",43113,
"2013-09-25 00:00:00",44295,
"2013-09-26 00:00:00",44191,
"2013-09-27 00:00:00",45445,
"2013-09-28 00:00:00",52004,
"2013-09-29 00:00:00",46878,
"2013-09-30 00:00:00",42579,
"2013-10-01 00:00:00",53263,
"2013-10-02 00:00:00",44219,
"2013-10-03 00:00:00",42554,
"2013-10-04 00:00:00",43194,
"2013-10-05 00:00:00",48221,
"2013-10-06 00:00:00",46625,
"2013-10-07 00:00:00",45631,
"2013-10-08 00:00:00",44330,
"2013-10-09 00:00:00",44567,
"2013-10-10 00:00:00",41443,
"2013-10-11 00:00:00",46872,
"2013-10-12 00:00:00",52505,
"2013-10-13 00:00:00",52332,
"2013-10-14 00:00:00",47132,
"2013-10-15 00:00:00",47603,
"2013-10-16 00:00:00",44705,
"2013-10-17 00:00:00",49287,
"2013-10-18 00:00:00",48652,
"2013-10-19 00:00:00",53263,
"2013-10-20 00:00:00",49372,
"2013-10-21 00:00:00",46715,
"2013-10-22 00:00:00",45345,
"2013-10-23 00:00:00",47537,
"2013-10-24 00:00:00",47509,
"2013-10-25 00:00:00",49242,
"2013-10-26 00:00:00",52908,
"2013-10-27 00:00:00",52609,
"2013-10-28 00:00:00",53061,
"2013-10-29 00:00:00",49050,
"2013-10-30 00:00:00",47127,
"2013-10-31 00:00:00",43335,
"2013-11-01 00:00:00",92279,
"2013-11-02 00:00:00",52225,
"2013-11-03 00:00:00",51945,
"2013-11-04 00:00:00",46217,
"2013-11-05 00:00:00",43695,
"2013-11-06 00:00:00",45985,
"2013-11-07 00:00:00",46292,
"2013-11-08 00:00:00",47880,
"2013-11-09 00:00:00",50516,
"2013-11-10 00:00:00",51656,
"2013-11-11 00:00:00",51656,
"2013-11-12 00:00:00",48262,
"2013-11-13 00:00:00",47358,
"2013-11-14 00:00:00",46445,
"2013-11-15 00:00:00",47610,
"2013-11-16 00:00:00",54097,
"2013-11-17 00:00:00",52557,
"2013-11-18 00:00:00",48956,
"2013-11-19 00:00:00",47722,
"2013-11-20 00:00:00",49817,
"2013-11-21 00:00:00",50327,
"2013-11-22 00:00:00",51302,
"2013-11-23 00:00:00",52710,
"2013-11-24 00:00:00",51237,
"2013-11-25 00:00:00",49528,
"2013-11-26 00:00:00",48311,
"2013-11-27 00:00:00",67049,
"2013-11-28 00:00:00",73677,
"2013-11-29 00:00:00",93905,
"2013-11-30 00:00:00",93640,
"2013-12-01 00:00:00",96298,
"2013-12-02 00:00:00",81641,
"2013-12-03 00:00:00",78667,
"2013-12-04 00:00:00",75789,
"2013-12-05 00:00:00",75235,
"2013-12-06 00:00:00",75289,
"2013-12-07 00:00:00",80321,
"2013-12-08 00:00:00",77890,
"2013-12-09 00:00:00",74958,
"2013-12-10 00:00:00",69524,
"2013-12-11 00:00:00",67997,
"2013-12-12 00:00:00",67674,
"2013-12-13 00:00:00",65867,
"2013-12-14 00:00:00",72724,
"2013-12-15 00:00:00",71647,
"2013-12-16 00:00:00",69087,
"2013-12-17 00:00:00",66543,
"2013-12-18 00:00:00",72892,
"2013-12-19 00:00:00",74706,
"2013-12-20 00:00:00",75142,
"2013-12-21 00:00:00",76822,
"2013-12-22 00:00:00",89016,
"2013-12-23 00:00:00",87510,
"2013-12-24 00:00:00",72726,
"2013-12-25 00:00:00",79037,
"2013-12-26 00:00:00",82807,
"2013-12-27 00:00:00",83986,
"2013-12-28 00:00:00",91298,
"2013-12-29 00:00:00",91594,
"2013-12-30 00:00:00",96673,
"2013-12-31 00:00:00",85116,
"2014-01-01 00:00:00",102084,
"2014-01-02 00:00:00",96254,
"2014-01-03 00:00:00",101904,
"2014-01-04 00:00:00",100158,
"2014-01-05 00:00:00",100114,
"2014-01-06 00:00:00",100114,
"2014-01-07 00:00:00",95319,
"2014-01-08 00:00:00",93459,
"2014-01-09 00:00:00",93029,
"2014-01-10 00:00:00",96219,
"2014-01-11 00:00:00",102464,
"2014-01-12 00:00:00",98730,
"2014-01-13 00:00:00",91440,
"2014-01-14 00:00:00",88658,
"2014-01-15 00:00:00",92402,
"2014-01-16 00:00:00",89443,
"2014-01-17 00:00:00",90641,
"2014-01-18 00:00:00",92730,
"2014-01-19 00:00:00",89022,
"2014-01-20 00:00:00",88214,
"2014-01-21 00:00:00",89373,
"2014-01-22 00:00:00",87207,
"2014-01-23 00:00:00",91336,
"2014-01-24 00:00:00",96517,
"2014-01-25 00:00:00",102090,
"2014-01-26 00:00:00",98262,
"2014-01-27 00:00:00",28162,
"2014-01-28 00:00:00",95063,
"2014-01-29 00:00:00",93940,
"2014-01-30 00:00:00",91432,
"2014-01-31 00:00:00",95869,
"2014-02-01 00:00:00",119764,
"2014-02-02 00:00:00",102040,
"2014-02-03 00:00:00",94627,
"2014-02-04 00:00:00",94403,
"2014-02-05 00:00:00",96983,
"2014-02-06 00:00:00",95922,
"2014-02-07 00:00:00",99287,
"2014-02-08 00:00:00",108249,
"2014-02-09 00:00:00",102815,
"2014-02-10 00:00:00",96078,
"2014-02-11 00:00:00",92860,
"2014-02-12 00:00:00",105010,
"2014-02-13 00:00:00",103852,
"2014-02-14 00:00:00",102052,
"2014-02-15 00:00:00",109545,
"2014-02-16 00:00:00",105540,
"2014-02-17 00:00:00",102246,
"2014-02-18 00:00:00",92269,
"2014-02-19 00:00:00",87397,
"2014-02-20 00:00:00",107426,
"2014-02-21 00:00:00",111669,
"2014-02-22 00:00:00",119772,
"2014-02-23 00:00:00",113587,
"2014-02-24 00:00:00",103608,
"2014-02-25 00:00:00",100178,
"2014-02-26 00:00:00",96654,
"2014-02-27 00:00:00",96348,
"2014-02-28 00:00:00",103286,
"2014-03-01 00:00:00",164495,
"2014-03-02 00:00:00",105065,
"2014-03-03 00:00:00",100660,
"2014-03-04 00:00:00",97766,
"2014-03-05 00:00:00",95877,
"2014-03-06 00:00:00",100663,
"2014-03-07 00:00:00",107512,
"2014-03-08 00:00:00",111893,
"2014-03-09 00:00:00",108434,
"2014-03-10 00:00:00",100102,
"2014-03-11 00:00:00",99558,
"2014-03-12 00:00:00",104756,
"2014-03-13 00:00:00",121846,
"2014-03-14 00:00:00",150972,
"2014-03-15 00:00:00",164781,
"2014-03-16 00:00:00",151972,
"2014-03-17 00:00:00",135984,
"2014-03-18 00:00:00",133335,
"2014-03-19 00:00:00",130125,
"2014-03-20 00:00:00",119803,
"2014-03-21 00:00:00",132603,
"2014-03-22 00:00:00",140599,
"2014-03-23 00:00:00",127843,
"2014-03-24 00:00:00",128733,
"2014-03-25 00:00:00",126360,
"2014-03-26 00:00:00",125248,
"2014-03-27 00:00:00",121998,
"2014-03-28 00:00:00",128117,
"2014-03-29 00:00:00",132269,
"2014-03-30 00:00:00",127946,
"2014-03-31 00:00:00",120396,
"2014-04-01 00:00:00",142526,
"2014-04-02 00:00:00",125724,
"2014-04-03 00:00:00",130308,
"2014-04-04 00:00:00",134282,
"2014-04-05 00:00:00",139515,
"2014-04-06 00:00:00",132046,
"2014-04-07 00:00:00",129869,
"2014-04-08 00:00:00",130837,
"2014-04-09 00:00:00",133965,
"2014-04-10 00:00:00",135327,
"2014-04-11 00:00:00",137453,
"2014-04-12 00:00:00",143298,
"2014-04-13 00:00:00",137875,
"2014-04-14 00:00:00",135060,
"2014-04-15 00:00:00",131723,
"2014-04-16 00:00:00",132748,
"2014-04-17 00:00:00",132584,
"2014-04-18 00:00:00",130678,
"2014-04-19 00:00:00",133582,
"2014-04-20 00:00:00",141475,
"2014-04-21 00:00:00",134276,
"2014-04-22 00:00:00",129081,
"2014-04-23 00:00:00",131075,
"2014-04-24 00:00:00",129826,
"2014-04-25 00:00:00",133163,
"2014-04-26 00:00:00",143124,
"2014-04-27 00:00:00",131669,
"2014-04-28 00:00:00",125681,
"2014-04-29 00:00:00",119579,
"2014-04-30 00:00:00",134364,
"2014-05-01 00:00:00",170137,
"2014-05-02 00:00:00",161779,
"2014-05-03 00:00:00",173629,
"2014-05-04 00:00:00",154914,
"2014-05-05 00:00:00",152969,
"2014-05-06 00:00:00",147642,
"2014-05-07 00:00:00",152119,
"2014-05-08 00:00:00",150519,
"2014-05-09 00:00:00",152722,
"2014-05-10 00:00:00",160519,
"2014-05-11 00:00:00",151530,
"2014-05-12 00:00:00",144348,
"2014-05-13 00:00:00",137862,
"2014-05-14 00:00:00",115401,
"2014-05-15 00:00:00",139932,
"2014-05-16 00:00:00",139138,
"2014-05-17 00:00:00",150584,
"2014-05-18 00:00:00",140332,
"2014-05-19 00:00:00",137078,
"2014-05-20 00:00:00",134229,
"2014-05-21 00:00:00",133107,
"2014-05-22 00:00:00",135747,
"2014-05-23 00:00:00",135077,
"2014-05-24 00:00:00",146158,
"2014-05-25 00:00:00",149526,
"2014-05-26 00:00:00",134705,
"2014-05-27 00:00:00",136515,
"2014-05-28 00:00:00",133703,
"2014-05-29 00:00:00",128874,
"2014-05-30 00:00:00",127206,
"2014-05-31 00:00:00",141587,
"2014-06-01 00:00:00",164134,
"2014-06-02 00:00:00",133685,
"2014-06-03 00:00:00",131590,
"2014-06-04 00:00:00",128045,
"2014-06-05 00:00:00",125517,
"2014-06-06 00:00:00",124209,
"2014-06-07 00:00:00",133192,
"2014-06-08 00:00:00",130675,
"2014-06-09 00:00:00",137338,
"2014-06-10 00:00:00",133723,
"2014-06-11 00:00:00",130179,
"2014-06-12 00:00:00",121324,
"2014-06-13 00:00:00",125319,
"2014-06-14 00:00:00",139039,
"2014-06-15 00:00:00",147677,
"2014-06-16 00:00:00",144416,
"2014-06-17 00:00:00",139352,
"2014-06-18 00:00:00",131798,
"2014-06-19 00:00:00",123559,
"2014-06-20 00:00:00",123722,
"2014-06-21 00:00:00",148769,
"2014-06-22 00:00:00",145153,
"2014-06-23 00:00:00",146010,
"2014-06-24 00:00:00",150051,
"2014-06-25 00:00:00",154182,
"2014-06-26 00:00:00",146875,
"2014-06-27 00:00:00",145018,
"2014-06-28 00:00:00",162626,
"2014-06-29 00:00:00",165292,
"2014-06-30 00:00:00",160439,
"2014-07-01 00:00:00",194016,
"2014-07-02 00:00:00",183071,
"2014-07-03 00:00:00",170854,
"2014-07-04 00:00:00",157654,
"2014-07-05 00:00:00",173510,
"2014-07-06 00:00:00",171220,
"2014-07-07 00:00:00",163294,
"2014-07-08 00:00:00",158216,
"2014-07-09 00:00:00",158035,
"2014-07-10 00:00:00",162225,
"2014-07-11 00:00:00",160536,
"2014-07-12 00:00:00",150723,
"2014-07-13 00:00:00",165848,
"2014-07-14 00:00:00",165791,
"2014-07-15 00:00:00",161747,
"2014-07-16 00:00:00",156178,
"2014-07-17 00:00:00",153326,
"2014-07-18 00:00:00",145907,
"2014-07-19 00:00:00",162164,
"2014-07-20 00:00:00",156268,
"2014-07-21 00:00:00",163137,
"2014-07-22 00:00:00",158315,
"2014-07-23 00:00:00",156353,
"2014-07-24 00:00:00",152883,
"2014-07-25 00:00:00",151488,
"2014-07-26 00:00:00",167430,
"2014-07-27 00:00:00",171261,
"2014-07-28 00:00:00",167757,
"2014-07-29 00:00:00",166642,
"2014-07-30 00:00:00",161796,
"2014-07-31 00:00:00",162881,
"2014-08-01 00:00:00",277192,
"2014-08-02 00:00:00",178670,
"2014-08-03 00:00:00",189853,
"2014-08-04 00:00:00",186021,
"2014-08-05 00:00:00",170376,
"2014-08-06 00:00:00",180958,
"2014-08-07 00:00:00",178871,
"2014-08-08 00:00:00",176850,
"2014-08-09 00:00:00",191704,
"2014-08-10 00:00:00",183412,
"2014-08-11 00:00:00",184545,
"2014-08-12 00:00:00",187733,
"2014-08-13 00:00:00",227074,
"2014-08-14 00:00:00",224200,
"2014-08-15 00:00:00",247871,
"2014-08-16 00:00:00",275014,
"2014-08-17 00:00:00",245554,
"2014-08-18 00:00:00",220847,
"2014-08-19 00:00:00",217633,
"2014-08-20 00:00:00",212574,
"2014-08-21 00:00:00",208364,
"2014-08-22 00:00:00",210841,
"2014-08-23 00:00:00",228936,
"2014-08-24 00:00:00",213502,
"2014-08-25 00:00:00",211170,
"2014-08-26 00:00:00",200193,
"2014-08-27 00:00:00",208428,
"2014-08-28 00:00:00",209288,
"2014-08-29 00:00:00",220227,
"2014-08-30 00:00:00",220409,
"2014-08-31 00:00:00",227276,
"2014-09-01 00:00:00",242494,
"2014-09-02 00:00:00",205170,
"2014-09-03 00:00:00",199955,
"2014-09-04 00:00:00",216998,
"2014-09-05 00:00:00",232911,
"2014-09-06 00:00:00",241620,
"2014-09-07 00:00:00",217032,
"2014-09-08 00:00:00",209270,
"2014-09-09 00:00:00",204605,
"2014-09-10 00:00:00",207622,
"2014-09-11 00:00:00",225640,
"2014-09-12 00:00:00",240450,
"2014-09-13 00:00:00",239484,
"2014-09-14 00:00:00",225370,
"2014-09-15 00:00:00",212225,
"2014-09-16 00:00:00",212261,
"2014-09-17 00:00:00",212285,
"2014-09-18 00:00:00",221505,
"2014-09-19 00:00:00",235786,
"2014-09-20 00:00:00",235997,
"2014-09-21 00:00:00",218868,
"2014-09-22 00:00:00",211890,
"2014-09-23 00:00:00",207820,
"2014-09-24 00:00:00",168851,
"2014-09-25 00:00:00",216907,
"2014-09-26 00:00:00",237650,
"2014-09-27 00:00:00",242527,
"2014-09-28 00:00:00",216806,
"2014-09-29 00:00:00",212896,
"2014-09-30 00:00:00",214183,
"2014-10-01 00:00:00",260613,
"2014-10-02 00:00:00",224909,
"2014-10-03 00:00:00",249492,
"2014-10-04 00:00:00",247227,
"2014-10-05 00:00:00",224048,
"2014-10-06 00:00:00",218072,
"2014-10-07 00:00:00",218373,
"2014-10-08 00:00:00",214641,
"2014-10-09 00:00:00",229962,
"2014-10-10 00:00:00",241017,
"2014-10-11 00:00:00",249290,
"2014-10-12 00:00:00",242077,
"2014-10-13 00:00:00",223341,
"2014-10-14 00:00:00",220268,
"2014-10-15 00:00:00",209703,
"2014-10-16 00:00:00",224605,
"2014-10-17 00:00:00",242915,
"2014-10-18 00:00:00",239715,
"2014-10-19 00:00:00",221691,
"2014-10-20 00:00:00",224156,
"2014-10-21 00:00:00",220154,
"2014-10-22 00:00:00",225079,
"2014-10-23 00:00:00",234616,
"2014-10-24 00:00:00",252951,
"2014-10-25 00:00:00",261555,
"2014-10-26 00:00:00",234996,
"2014-10-27 00:00:00",229765,
"2014-10-28 00:00:00",228824,
"2014-10-29 00:00:00",232119,
"2014-10-30 00:00:00",225555,
"2014-10-31 00:00:00",252664,
"2014-11-01 00:00:00",348018,
"2014-11-02 00:00:00",252187,
"2014-11-03 00:00:00",228545,
"2014-11-04 00:00:00",226173,
"2014-11-05 00:00:00",234215,
"2014-11-06 00:00:00",236933,
"2014-11-07 00:00:00",256821,
"2014-11-08 00:00:00",253667,
"2014-11-09 00:00:00",239776,
"2014-11-10 00:00:00",239319,
"2014-11-11 00:00:00",257322,
"2014-11-12 00:00:00",241651,
"2014-11-13 00:00:00",254306,
"2014-11-14 00:00:00",270707,
"2014-11-15 00:00:00",264525,
"2014-11-16 00:00:00",237396,
"2014-11-17 00:00:00",230615,
"2014-11-18 00:00:00",233909,
"2014-11-19 00:00:00",227018,
"2014-11-20 00:00:00",239704,
"2014-11-21 00:00:00",238536,
"2014-11-22 00:00:00",263723,
"2014-11-23 00:00:00",244634,
"2014-11-24 00:00:00",225206,
"2014-11-25 00:00:00",252065,
"2014-11-26 00:00:00",309116,
"2014-11-27 00:00:00",329206,
"2014-11-28 00:00:00",349462,
"2014-11-29 00:00:00",330573,
"2014-11-30 00:00:00",298410,
"2014-12-01 00:00:00",367634,
"2014-12-02 00:00:00",286289,
"2014-12-03 00:00:00",282730,
"2014-12-04 00:00:00",296645,
"2014-12-05 00:00:00",296110,
"2014-12-06 00:00:00",309816,
"2014-12-07 00:00:00",297178,
"2014-12-08 00:00:00",288325,
"2014-12-09 00:00:00",285266,
"2014-12-10 00:00:00",283191,
"2014-12-11 00:00:00",297185,
"2014-12-12 00:00:00",317354,
"2014-12-13 00:00:00",317040,
"2014-12-14 00:00:00",295428,
"2014-12-15 00:00:00",293914,
"2014-12-16 00:00:00",290357,
"2014-12-17 00:00:00",290018,
"2014-12-18 00:00:00",295737,
"2014-12-19 00:00:00",314777,
"2014-12-20 00:00:00",318366,
"2014-12-21 00:00:00",317470,
"2014-12-22 00:00:00",311679,
"2014-12-23 00:00:00",299758,
"2014-12-24 00:00:00",285838,
"2014-12-25 00:00:00",319559,
"2014-12-26 00:00:00",349626,
"2014-12-27 00:00:00",359662,
"2014-12-28 00:00:00",364666,
"2014-12-29 00:00:00",368024,
"2014-12-30 00:00:00",369561,
"2014-12-31 00:00:00",359692,
"2015-01-01 00:00:00",443188,
"2015-01-02 00:00:00",383943,
"2015-01-03 00:00:00",398639,
"2015-01-04 00:00:00",389040,
"2015-01-05 00:00:00",376364,
"2015-01-06 00:00:00",376364,
"2015-01-07 00:00:00",375622,
"2015-01-08 00:00:00",440458,
"2015-01-09 00:00:00",443991,
"2015-01-10 00:00:00",443991,
"2015-01-11 00:00:00",384553,
"2015-01-12 00:00:00",386492,
"2015-01-13 00:00:00",382747,
"2015-01-14 00:00:00",381328,
"2015-01-15 00:00:00",405872,
"2015-01-16 00:00:00",442871,
"2015-01-17 00:00:00",442380,
"2015-01-18 00:00:00",377789,
"2015-01-19 00:00:00",391559,
"2015-01-20 00:00:00",380689,
"2015-01-21 00:00:00",379248,
"2015-01-22 00:00:00",399062,
"2015-01-23 00:00:00",430861,
"2015-01-24 00:00:00",423350,
"2015-01-25 00:00:00",371266,
"2015-01-26 00:00:00",360648,
"2015-01-27 00:00:00",385217,
"2015-01-28 00:00:00",380640,
"2015-01-29 00:00:00",397712,
"2015-01-30 00:00:00",437368,
"2015-01-31 00:00:00",434024,
"2015-02-01 00:00:00",455508,
"2015-02-02 00:00:00",384373,
"2015-02-03 00:00:00",346986,
"2015-02-04 00:00:00",374310,
"2015-02-05 00:00:00",401791,
"2015-02-06 00:00:00",401791,
"2015-02-07 00:00:00",401791,
"2015-02-08 00:00:00",401791,
"2015-02-09 00:00:00",401791,
"2015-02-10 00:00:00",159873,
"2015-02-11 00:00:00",103924,
"2015-02-12 00:00:00",103924,
"2015-02-13 00:00:00",419184,
"2015-02-14 00:00:00",431744,
"2015-02-15 00:00:00",384755,
"2015-02-16 00:00:00",,
"2015-02-17 00:00:00",398868,
"2015-02-18 00:00:00",395553,
"2015-02-19 00:00:00",423817,
"2015-02-20 00:00:00",442763,
"2015-02-21 00:00:00",454373,
"2015-02-22 00:00:00",406052,
"2015-02-23 00:00:00",400112,
"2015-02-24 00:00:00",337230,
"2015-02-25 00:00:00",,
"2015-02-26 00:00:00",,
"2015-02-27 00:00:00",,
"2015-02-28 00:00:00",,
"2015-03-01 00:00:00",595439,
"2015-03-02 00:00:00",,
"2015-03-03 00:00:00",,
"2015-03-04 00:00:00",,
"2015-03-05 00:00:00",,
"2015-03-06 00:00:00",,
"2015-03-07 00:00:00",,
"2015-03-08 00:00:00",,
"2015-03-09 00:00:00",,
"2015-03-10 00:00:00",,
"2015-03-11 00:00:00",,
"2015-03-12 00:00:00",,
"2015-03-13 00:00:00",,
"2015-03-14 00:00:00",,
"2015-03-15 00:00:00",,
"2015-03-16 00:00:00",,
"2015-03-17 00:00:00",,
"2015-03-18 00:00:00",,
"2015-03-19 00:00:00",,
"2015-03-20 00:00:00",,
"2015-03-21 00:00:00",,
"2015-03-22 00:00:00",,
"2015-03-23 00:00:00",,
"2015-03-24 00:00:00",,
"2015-03-25 00:00:00",,
"2015-03-26 00:00:00",,
"2015-03-27 00:00:00",,
"2015-03-28 00:00:00",,
"2015-03-29 00:00:00",,
"2015-03-30 00:00:00",,
"2015-03-31 00:00:00",,
"2015-04-01 00:00:00",568556,
"2015-04-02 00:00:00",,
"2015-04-03 00:00:00",,
"2015-04-04 00:00:00",,
"2015-04-05 00:00:00",,
"2015-04-06 00:00:00",,
"2015-04-07 00:00:00",,
"2015-04-08 00:00:00",,
"2015-04-09 00:00:00",,
"2015-04-10 00:00:00",,
"2015-04-11 00:00:00",,
"2015-04-12 00:00:00",,
"2015-04-13 00:00:00",,
"2015-04-14 00:00:00",,
"2015-04-15 00:00:00",,
"2015-04-16 00:00:00",,
"2015-04-17 00:00:00",,
"2015-04-18 00:00:00",,
"2015-04-19 00:00:00",551054,
"2015-04-20 00:00:00",509392,
"2015-04-21 00:00:00",505119,
"2015-04-22 00:00:00",502104,
"2015-04-23 00:00:00",501062,
"2015-04-24 00:00:00",521335,
"2015-04-25 00:00:00",568782,
"2015-04-26 00:00:00",569848,
"2015-04-27 00:00:00",524411,
"2015-04-28 00:00:00",518291,
"2015-04-29 00:00:00",512618,
"2015-04-30 00:00:00",524944,
"2015-05-01 00:00:00",511203,
"2015-05-02 00:00:00",552794,
"2015-05-03 00:00:00",579356,
"2015-05-04 00:00:00",518035,
"2015-05-05 00:00:00",519839,
"2015-05-06 00:00:00",514383,
"2015-05-07 00:00:00",514128,
"2015-05-08 00:00:00",552668,
"2015-05-09 00:00:00",538983,
"2015-05-10 00:00:00",548320,
"2015-05-11 00:00:00",513952,
"2015-05-12 00:00:00",497478,
"2015-05-13 00:00:00",502256,
"2015-05-14 00:00:00",500080,
"2015-05-15 00:00:00",530986,
"2015-05-16 00:00:00",562379,
"2015-05-17 00:00:00",571119,
"2015-05-18 00:00:00",537038,
"2015-05-19 00:00:00",515278,
"2015-05-20 00:00:00",513685,
"2015-05-21 00:00:00",516034,
"2015-05-22 00:00:00",545190,
"2015-05-23 00:00:00",541205,
"2015-05-24 00:00:00",545013,
"2015-05-25 00:00:00",552376,
"2015-05-26 00:00:00",508968,
"2015-05-27 00:00:00",681170,
"2015-05-28 00:00:00",630579,
"2015-05-29 00:00:00",614395,
"2015-05-30 00:00:00",600079,
"2015-05-31 00:00:00",631284,
"2015-06-01 00:00:00",578549,
"2015-06-02 00:00:00",569978,
"2015-06-03 00:00:00",587370,
"2015-06-04 00:00:00",582715,
"2015-06-05 00:00:00",558996,
"2015-06-06 00:00:00",511890,
"2015-06-07 00:00:00",579984,
"2015-06-08 00:00:00",573335,
"2015-06-09 00:00:00",570371,
"2015-06-10 00:00:00",566053,
"2015-06-11 00:00:00",553731,
"2015-06-12 00:00:00",544088,
"2015-06-13 00:00:00",546174,
"2015-06-14 00:00:00",591163,
"2015-06-15 00:00:00",589481,
"2015-06-16 00:00:00",586602,
"2015-06-17 00:00:00",604309,
"2015-06-18 00:00:00",582001,
"2015-06-19 00:00:00",558605,
"2015-06-20 00:00:00",551773,
"2015-06-21 00:00:00",583128,
"2015-06-22 00:00:00",611284,
"2015-06-23 00:00:00",594003,
"2015-06-24 00:00:00",599440,
"2015-06-25 00:00:00",588950,
"2015-06-26 00:00:00",542428,
"2015-06-27 00:00:00",517905,
"2015-06-28 00:00:00",568420,
"2015-06-29 00:00:00",575554,
"2015-06-30 00:00:00",539500,
"2015-07-01 00:00:00",541692,
"2015-07-02 00:00:00",522992,
"2015-07-03 00:00:00",491509,
"2015-07-04 00:00:00",463120,
"2015-07-05 00:00:00",506209,
"2015-07-06 00:00:00",544222,
"2015-07-07 00:00:00",528477,
"2015-07-08 00:00:00",546142,
"2015-07-09 00:00:00",543496,
"2015-07-10 00:00:00",498573,
"2015-07-11 00:00:00",471760,
"2015-07-12 00:00:00",531385,
"2015-07-13 00:00:00",535060,
"2015-07-14 00:00:00",514071,
"2015-07-15 00:00:00",522264,
"2015-07-16 00:00:00",510847,
"2015-07-17 00:00:00",470311,
"2015-07-18 00:00:00",458623,
"2015-07-19 00:00:00",514116,
"2015-07-20 00:00:00",513838,
"2015-07-21 00:00:00",505546,
"2015-07-22 00:00:00",504003,
"2015-07-23 00:00:00",503109,
"2015-07-24 00:00:00",468739,
"2015-07-25 00:00:00",461601,
"2015-07-26 00:00:00",505594,
"2015-07-27 00:00:00",523216,
"2015-07-28 00:00:00",509832,
"2015-07-29 00:00:00",511832,
"2015-07-30 00:00:00",507985,
"2015-07-31 00:00:00",487753,
"2015-08-01 00:00:00",456126,
"2015-08-02 00:00:00",509694,
"2015-08-03 00:00:00",499671,
"2015-08-04 00:00:00",502762,
"2015-08-05 00:00:00",491415,
"2015-08-06 00:00:00",490349,
"2015-08-07 00:00:00",464880,
"2015-08-08 00:00:00",453921,
"2015-08-09 00:00:00",510793,
"2015-08-10 00:00:00",516646,
"2015-08-11 00:00:00",503556,
"2015-08-12 00:00:00",503351,
"2015-08-13 00:00:00",494573,
"2015-08-14 00:00:00",477429,
"2015-08-15 00:00:00",495073,
"2015-08-16 00:00:00",546564,
"2015-08-17 00:00:00",549505,
"2015-08-18 00:00:00",527833,
"2015-08-19 00:00:00",545605,
"2015-08-20 00:00:00",654789,
"2015-08-21 00:00:00",635559,
"2015-08-22 00:00:00",655378,
"2015-08-23 00:00:00",819902,
"2015-08-24 00:00:00",649101,
"2015-08-25 00:00:00",632719,
"2015-08-26 00:00:00",614513,
"2015-08-27 00:00:00",610491,
"2015-08-28 00:00:00",578810,
"2015-08-29 00:00:00",575579,
"2015-08-30 00:00:00",629806,
"2015-08-31 00:00:00",574905,
"2015-09-01 00:00:00",555128,
"2015-09-02 00:00:00",564619,
"2015-09-03 00:00:00",570566,
"2015-09-04 00:00:00",587280,
"2015-09-05 00:00:00",629407,
"2015-09-06 00:00:00",653346,
"2015-09-07 00:00:00",650458,
"2015-09-08 00:00:00",583000,
"2015-09-09 00:00:00",581834,
"2015-09-10 00:00:00",570207,
"2015-09-11 00:00:00",615578,
"2015-09-12 00:00:00",639815,
"2015-09-13 00:00:00",647434,
"2015-09-14 00:00:00",611175,
"2015-09-15 00:00:00",594710,
"2015-09-16 00:00:00",632987,
"2015-09-17 00:00:00",613077,
"2015-09-18 00:00:00",725939,
"2015-09-19 00:00:00",725872,
"2015-09-20 00:00:00",720141,
"2015-09-21 00:00:00",644615,
"2015-09-22 00:00:00",621099,
"2015-09-23 00:00:00",668621,
"2015-09-24 00:00:00",629762,
"2015-09-25 00:00:00",670245,
"2015-09-26 00:00:00",698254,
"2015-09-27 00:00:00",708298,
"2015-09-28 00:00:00",630309,
"2015-09-29 00:00:00",614948,
"2015-09-30 00:00:00",605557,
"2015-10-01 00:00:00",589989,
"2015-10-02 00:00:00",663702,
"2015-10-03 00:00:00",709984,
"2015-10-04 00:00:00",698465,
"2015-10-05 00:00:00",609039,
"2015-10-06 00:00:00",617252,
"2015-10-07 00:00:00",627301,
"2015-10-08 00:00:00",601490,
"2015-10-09 00:00:00",663583,
"2015-10-10 00:00:00",693601,
"2015-10-11 00:00:00",676761,
"2015-10-12 00:00:00",635027,
"2015-10-13 00:00:00",626353,
"2015-10-14 00:00:00",614333,
"2015-10-15 00:00:00",592895,
"2015-10-16 00:00:00",659430,
"2015-10-17 00:00:00",692862,
"2015-10-18 00:00:00",672513,
"2015-10-19 00:00:00",603815,
"2015-10-20 00:00:00",587495,
"2015-10-21 00:00:00",609933,
"2015-10-22 00:00:00",605688,
"2015-10-23 00:00:00",667325,
"2015-10-24 00:00:00",701645,
"2015-10-25 00:00:00",650136,
"2015-10-26 00:00:00",595490,
"2015-10-27 00:00:00",585391,
"2015-10-28 00:00:00",717511,
"2015-10-29 00:00:00",695740,
"2015-10-30 00:00:00",709147,
"2015-10-31 00:00:00",732093,
"2015-11-01 00:00:00",786707,
"2015-11-02 00:00:00",669533,
"2015-11-03 00:00:00",654961,
"2015-11-04 00:00:00",645986,
"2015-11-05 00:00:00",630788,
"2015-11-06 00:00:00",669888,
"2015-11-07 00:00:00",688392,
"2015-11-08 00:00:00",675447,
"2015-11-09 00:00:00",599300,
"2015-11-10 00:00:00",581347,
"2015-11-11 00:00:00",597527,
"2015-11-12 00:00:00",575875,
"2015-11-13 00:00:00",622375,
"2015-11-14 00:00:00",666487,
"2015-11-15 00:00:00",662161,
"2015-11-16 00:00:00",588057,
"2015-11-17 00:00:00",576160,
"2015-11-18 00:00:00",581563,
"2015-11-19 00:00:00",591924,
"2015-11-20 00:00:00",648037,
"2015-11-21 00:00:00",665514,
"2015-11-22 00:00:00",653833,
"2015-11-23 00:00:00",591545,
"2015-11-24 00:00:00",602930,
"2015-11-25 00:00:00",623415,
"2015-11-26 00:00:00",609118,
"2015-11-27 00:00:00",678051,
"2015-11-28 00:00:00",689711,
"2015-11-29 00:00:00",691930,
"2015-11-30 00:00:00",626903,
"2015-12-01 00:00:00",616849,
"2015-12-02 00:00:00",637477,
"2015-12-03 00:00:00",636123,
"2015-12-04 00:00:00",688508,
"2015-12-05 00:00:00",721883,
"2015-12-06 00:00:00",709200,
"2015-12-07 00:00:00",648944,
"2015-12-08 00:00:00",654479,
"2015-12-09 00:00:00",823694,
"2015-12-10 00:00:00",701795,
"2015-12-11 00:00:00",705268,
"2015-12-12 00:00:00",724807,
"2015-12-13 00:00:00",690672,
"2015-12-14 00:00:00",617022,
"2015-12-15 00:00:00",601776,
"2015-12-16 00:00:00",609226,
"2015-12-17 00:00:00",588824,
"2015-12-18 00:00:00",625551,
"2015-12-19 00:00:00",640096,
"2015-12-20 00:00:00",612170,
"2015-12-21 00:00:00",605194,
"2015-12-22 00:00:00",589295,
"2015-12-23 00:00:00",582223,
"2015-12-24 00:00:00",468987,
"2015-12-25 00:00:00",567501,
"2015-12-26 00:00:00",587894,
"2015-12-27 00:00:00",602105,
"2015-12-28 00:00:00",607841,
"2015-12-29 00:00:00",621422,
"2015-12-30 00:00:00",641488,
"2015-12-31 00:00:00",540459,
"2016-01-01 00:00:00",611343,
"2016-01-02 00:00:00",639407,
"2016-01-03 00:00:00",651264,
"2016-01-04 00:00:00",617618,
"2016-01-05 00:00:00",609398,
"2016-01-06 00:00:00",616314,
"2016-01-07 00:00:00",605054,
"2016-01-08 00:00:00",642655,
"2016-01-09 00:00:00",667432,
"2016-01-10 00:00:00",642996,
"2016-01-11 00:00:00",560999,
"2016-01-12 00:00:00",568200,
"2016-01-13 00:00:00",563938,
"2016-01-14 00:00:00",566576,
"2016-01-15 00:00:00",617636,
"2016-01-16 00:00:00",653887,
"2016-01-17 00:00:00",654226,
"2016-01-18 00:00:00",623119,
"2016-01-19 00:00:00",579933,
"2016-01-20 00:00:00",579976,
"2016-01-21 00:00:00",577161,
"2016-01-22 00:00:00",627126,
"2016-01-23 00:00:00",665504,
"2016-01-24 00:00:00",654806,
"2016-01-25 00:00:00",597773,
"2016-01-26 00:00:00",587666,
"2016-01-27 00:00:00",601186,
"2016-01-28 00:00:00",594859,
"2016-01-29 00:00:00",619038,
"2016-01-30 00:00:00",651217,
"2016-01-31 00:00:00",645790,
"2016-02-01 00:00:00",592950,
"2016-02-02 00:00:00",588658,
"2016-02-03 00:00:00",593220,
"2016-02-04 00:00:00",587791,
"2016-02-05 00:00:00",610475,
"2016-02-06 00:00:00",650424,
"2016-02-07 00:00:00",647277,
"2016-02-08 00:00:00",603360,
"2016-02-09 00:00:00",586954,
"2016-02-10 00:00:00",590179,
"2016-02-11 00:00:00",587018,
"2016-02-12 00:00:00",645119,
"2016-02-13 00:00:00",688870,
"2016-02-14 00:00:00",642871,
"2016-02-15 00:00:00",624985,
"2016-02-16 00:00:00",590031,
"2016-02-17 00:00:00",591122,
"2016-02-18 00:00:00",658229,
"2016-02-19 00:00:00",676655,
"2016-02-20 00:00:00",726385,
"2016-02-21 00:00:00",738969,
"2016-02-22 00:00:00",669532,
"2016-02-23 00:00:00",624393,
"2016-02-24 00:00:00",639204,
"2016-02-25 00:00:00",622697,
"2016-02-26 00:00:00",677135,
"2016-02-27 00:00:00",717040,
"2016-02-28 00:00:00",684698,
"2016-02-29 00:00:00",602267,
"2016-03-01 00:00:00",603710,
"2016-03-02 00:00:00",615478,
"2016-03-03 00:00:00",612273,
"2016-03-04 00:00:00",658770,
"2016-03-05 00:00:00",695928,
"2016-03-06 00:00:00",733925,
"2016-03-07 00:00:00",662668,
"2016-03-08 00:00:00",594968,
"2016-03-09 00:00:00",606162,
"2016-03-10 00:00:00",596806,
"2016-03-11 00:00:00",665464,
"2016-03-12 00:00:00",698913,
"2016-03-13 00:00:00",678472,
"2016-03-14 00:00:00",609018,
"2016-03-15 00:00:00",599032,
"2016-03-16 00:00:00",618206,
"2016-03-17 00:00:00",612023,
"2016-03-18 00:00:00",674285,
"2016-03-19 00:00:00",701629,
"2016-03-20 00:00:00",687728,
"2016-03-21 00:00:00",629829,
"2016-03-22 00:00:00",635626,
"2016-03-23 00:00:00",648085,
"2016-03-24 00:00:00",621131,
"2016-03-25 00:00:00",662099,
"2016-03-26 00:00:00",640387,
"2016-03-27 00:00:00",641177,
"2016-03-28 00:00:00",643076,
"2016-03-29 00:00:00",737599,
"2016-03-30 00:00:00",773354,
"2016-03-31 00:00:00",768323,
"2016-04-01 00:00:00",800869,
"2016-04-02 00:00:00",833345,
"2016-04-03 00:00:00",850485,
"2016-04-04 00:00:00",660523,
"2016-04-05 00:00:00",612907,
"2016-04-06 00:00:00",647799,
"2016-04-07 00:00:00",641322,
"2016-04-08 00:00:00",705526,
"2016-04-09 00:00:00",731390,
"2016-04-10 00:00:00",711635,
"2016-04-11 00:00:00",620323,
"2016-04-12 00:00:00",602029,
"2016-04-13 00:00:00",605922,
"2016-04-14 00:00:00",605885,
"2016-04-15 00:00:00",678753,
"2016-04-16 00:00:00",684310,
"2016-04-17 00:00:00",668143,
"2016-04-18 00:00:00",628545,
"2016-04-19 00:00:00",614805,
"2016-04-20 00:00:00",615852,
"2016-04-21 00:00:00",612273,
"2016-04-22 00:00:00",632904,
"2016-04-23 00:00:00",684356,
"2016-04-24 00:00:00",678886,
"2016-04-25 00:00:00",621891,
"2016-04-26 00:00:00",610142,
"2016-04-27 00:00:00",618415,
"2016-04-28 00:00:00",656617,
"2016-04-29 00:00:00",659080,
"2016-04-30 00:00:00",638216,
"2016-05-01 00:00:00",668612,
"2016-05-02 00:00:00",598980,
"2016-05-03 00:00:00",587742,
"2016-05-04 00:00:00",596867,
"2016-05-05 00:00:00",551675,
"2016-05-06 00:00:00",577496,
"2016-05-07 00:00:00",599203,
"2016-05-08 00:00:00",587411,
"2016-05-09 00:00:00",520788,
"2016-05-10 00:00:00",533239,
"2016-05-11 00:00:00",553612,
"2016-05-12 00:00:00",557396,
"2016-05-13 00:00:00",621025,
"2016-05-14 00:00:00",638088,
"2016-05-15 00:00:00",606700,
"2016-05-16 00:00:00",575926,
"2016-05-17 00:00:00",562571,
"2016-05-18 00:00:00",582535,
"2016-05-19 00:00:00",562560,
"2016-05-20 00:00:00",606267,
"2016-05-21 00:00:00",593090,
"2016-05-22 00:00:00",589460,
"2016-05-23 00:00:00",561194,
"2016-05-24 00:00:00",547212,
"2016-05-25 00:00:00",560009,
"2016-05-26 00:00:00",562385,
"2016-05-27 00:00:00",574812,
"2016-05-28 00:00:00",546406,
"2016-05-29 00:00:00",577740,
"2016-05-30 00:00:00",564451,
"2016-05-31 00:00:00",533522,
"2016-06-01 00:00:00",533777,
"2016-06-02 00:00:00",541235,
"2016-06-03 00:00:00",549536,
"2016-06-04 00:00:00",550277,
"2016-06-05 00:00:00",574583,
"2016-06-06 00:00:00",552824,
"2016-06-07 00:00:00",543588,
"2016-06-08 00:00:00",543776,
"2016-06-09 00:00:00",549231,
"2016-06-10 00:00:00",501270,
"2016-06-11 00:00:00",515088,
"2016-06-12 00:00:00",528324,
"2016-06-13 00:00:00",531339,
"2016-06-14 00:00:00",527542,
"2016-06-15 00:00:00",538212,
"2016-06-16 00:00:00",579110,
"2016-06-17 00:00:00",559486,
"2016-06-18 00:00:00",536346,
"2016-06-19 00:00:00",556579,
"2016-06-20 00:00:00",547894,
"2016-06-21 00:00:00",549815,
"2016-06-22 00:00:00",543743,
"2016-06-23 00:00:00",509233,
"2016-06-24 00:00:00",487648,
"2016-06-25 00:00:00",474429,
"2016-06-26 00:00:00",531215,
"2016-06-27 00:00:00",548910,
"2016-06-28 00:00:00",539921,
"2016-06-29 00:00:00",540124,
"2016-06-30 00:00:00",502427,
"2016-07-01 00:00:00",496846,
"2016-07-02 00:00:00",472029,
"2016-07-03 00:00:00",522612,
"2016-07-04 00:00:00",544563,
"2016-07-05 00:00:00",636056,
"2016-07-06 00:00:00",624601,
"2016-07-07 00:00:00",621543,
"2016-07-08 00:00:00",603264,
"2016-07-09 00:00:00",593940,
"2016-07-10 00:00:00",603057,
"2016-07-11 00:00:00",577920,
"2016-07-12 00:00:00",558089,
"2016-07-13 00:00:00",547281,
"2016-07-14 00:00:00",540624,
"2016-07-15 00:00:00",508026,
"2016-07-16 00:00:00",493896,
"2016-07-17 00:00:00",538171,
"2016-07-18 00:00:00",538791,
"2016-07-19 00:00:00",522099,
"2016-07-20 00:00:00",520145,
"2016-07-21 00:00:00",507375,
"2016-07-22 00:00:00",495506,
"2016-07-23 00:00:00",480140,
"2016-07-24 00:00:00",514561,
"2016-07-25 00:00:00",525138,
"2016-07-26 00:00:00",515314,
"2016-07-27 00:00:00",522446,
"2016-07-28 00:00:00",519175,
"2016-07-29 00:00:00",496361,
"2016-07-30 00:00:00",483239,
"2016-07-31 00:00:00",530920,
"2016-08-01 00:00:00",533460,
"2016-08-02 00:00:00",524743,
"2016-08-03 00:00:00",506605,
"2016-08-04 00:00:00",522620,
"2016-08-05 00:00:00",487626,
"2016-08-06 00:00:00",484652,
"2016-08-07 00:00:00",508886,
"2016-08-08 00:00:00",510803,
"2016-08-09 00:00:00",510256,
"2016-08-10 00:00:00",519980,
"2016-08-11 00:00:00",514947,
"2016-08-12 00:00:00",495372,
"2016-08-13 00:00:00",476202,
"2016-08-14 00:00:00",526431,
"2016-08-15 00:00:00",529509,
"2016-08-16 00:00:00",524122,
"2016-08-17 00:00:00",526919,
"2016-08-18 00:00:00",520657,
"2016-08-19 00:00:00",536004,
"2016-08-20 00:00:00",541896,
"2016-08-21 00:00:00",584453,
"2016-08-22 00:00:00",565024,
"2016-08-23 00:00:00",541912,
"2016-08-24 00:00:00",550787,
"2016-08-25 00:00:00",544806,
"2016-08-26 00:00:00",536004,
"2016-08-27 00:00:00",546000,
"2016-08-28 00:00:00",599095,
"2016-08-29 00:00:00",590423,
"2016-08-30 00:00:00",574058,
"2016-08-31 00:00:00",533338,
"2016-09-01 00:00:00",515410,
"2016-09-02 00:00:00",557799,
"2016-09-03 00:00:00",573314,
"2016-09-04 00:00:00",574341,
"2016-09-05 00:00:00",572226,
"2016-09-06 00:00:00",530141,
"2016-09-07 00:00:00",544146,
"2016-09-08 00:00:00",525664,
"2016-09-09 00:00:00",571421,
"2016-09-10 00:00:00",600316,
"2016-09-11 00:00:00",596331,
"2016-09-12 00:00:00",539113,
"2016-09-13 00:00:00",528193,
"2016-09-14 00:00:00",495370,
"2016-09-15 00:00:00",530380,
"2016-09-16 00:00:00",588619,
"2016-09-17 00:00:00",638360,
"2016-09-18 00:00:00",637515,
"2016-09-19 00:00:00",564818,
"2016-09-20 00:00:00",558376,
"2016-09-21 00:00:00",553994,
"2016-09-22 00:00:00",555269,
"2016-09-23 00:00:00",601253,
"2016-09-24 00:00:00",613028,
"2016-09-25 00:00:00",609126,
"2016-09-26 00:00:00",540141,
"2016-09-27 00:00:00",538047,
"2016-09-28 00:00:00",519062,
"2016-09-29 00:00:00",548209,
"2016-09-30 00:00:00",590230,
"2016-10-01 00:00:00",613097,
"2016-10-02 00:00:00",598950,
"2016-10-03 00:00:00",559436,
"2016-10-04 00:00:00",552031,
"2016-10-05 00:00:00",556320,
"2016-10-06 00:00:00",554221,
"2016-10-07 00:00:00",625708,
"2016-10-08 00:00:00",646334,
"2016-10-09 00:00:00",628981,
"2016-10-10 00:00:00",584079,
"2016-10-11 00:00:00",573494,
"2016-10-12 00:00:00",590436,
"2016-10-13 00:00:00",584281,
"2016-10-14 00:00:00",632559,
"2016-10-15 00:00:00",661985,
"2016-10-16 00:00:00",646283,
"2016-10-17 00:00:00",565030,
"2016-10-18 00:00:00",552751,
"2016-10-19 00:00:00",564004,
"2016-10-20 00:00:00",561903,
"2016-10-21 00:00:00",623083,
"2016-10-22 00:00:00",647299,
"2016-10-23 00:00:00",624196,
"2016-10-24 00:00:00",564167,
"2016-10-25 00:00:00",548445,
"2016-10-26 00:00:00",543803,
"2016-10-27 00:00:00",550837,
"2016-10-28 00:00:00",591304,
"2016-10-29 00:00:00",613425,
"2016-10-30 00:00:00",613226,
"2016-10-31 00:00:00",539952,
"2016-11-01 00:00:00",570482,
"2016-11-02 00:00:00",578881,
"2016-11-03 00:00:00",596301,
"2016-11-04 00:00:00",599240,
"2016-11-05 00:00:00",627124,
"2016-11-06 00:00:00",611584,
"2016-11-07 00:00:00",532334,
"2016-11-08 00:00:00",539366,
"2016-11-09 00:00:00",526953,
"2016-11-10 00:00:00",539705,
"2016-11-11 00:00:00",598838,
"2016-11-12 00:00:00",626360,
"2016-11-13 00:00:00",609295,
"2016-11-14 00:00:00",541529,
"2016-11-15 00:00:00",546602,
"2016-11-16 00:00:00",529147,
"2016-11-17 00:00:00",528129,
"2016-11-18 00:00:00",595119,
"2016-11-19 00:00:00",617652,
"2016-11-20 00:00:00",601809,
"2016-11-21 00:00:00",541586,
"2016-11-22 00:00:00",547539,
"2016-11-23 00:00:00",555683,
"2016-11-24 00:00:00",558932,
"2016-11-25 00:00:00",611117,
"2016-11-26 00:00:00",625876,
"2016-11-27 00:00:00",608906,
"2016-11-28 00:00:00",540550,
"2016-11-29 00:00:00",578490,
"2016-11-30 00:00:00",575494,
"2016-12-01 00:00:00",574372,
"2016-12-02 00:00:00",632999,
"2016-12-03 00:00:00",662460,
"2016-12-04 00:00:00",637935,
"2016-12-05 00:00:00",562748,
"2016-12-06 00:00:00",569392,
"2016-12-07 00:00:00",567637,
"2016-12-08 00:00:00",521844,
"2016-12-09 00:00:00",575434,
"2016-12-10 00:00:00",603615,
"2016-12-11 00:00:00",582266,
"2016-12-12 00:00:00",515906,
"2016-12-13 00:00:00",510000,
"2016-12-14 00:00:00",512679,
"2016-12-15 00:00:00",513677,
"2016-12-16 00:00:00",558715,
"2016-12-17 00:00:00",586213,
"2016-12-18 00:00:00",567955,
"2016-12-19 00:00:00",549755,
"2016-12-20 00:00:00",548122,
"2016-12-21 00:00:00",557662,
"2016-12-22 00:00:00",556800,
"2016-12-23 00:00:00",568835,
"2016-12-24 00:00:00",488865,
"2016-12-25 00:00:00",518257,
"2016-12-26 00:00:00",556897,
"2016-12-27 00:00:00",583051,
"2016-12-28 00:00:00",593696,
"2016-12-29 00:00:00",608579,
"2016-12-30 00:00:00",617489,
"2016-12-31 00:00:00",516767,
"2017-01-01 00:00:00",586605,
"2017-01-02 00:00:00",533340,
"2017-01-03 00:00:00",615247,
"2017-01-04 00:00:00",614587,
"2017-01-05 00:00:00",620470,
"2017-01-06 00:00:00",635734,
"2017-01-07 00:00:00",673607,
"2017-01-08 00:00:00",659776,
"2017-01-09 00:00:00",582858,
"2017-01-10 00:00:00",593498,
"2017-01-11 00:00:00",581688,
"2017-01-12 00:00:00",592038,
"2017-01-13 00:00:00",643886,
"2017-01-14 00:00:00",688378,
"2017-01-15 00:00:00",657268,
"2017-01-16 00:00:00",618542,
"2017-01-17 00:00:00",614374,
"2017-01-18 00:00:00",606970,
"2017-01-19 00:00:00",607889,
"2017-01-20 00:00:00",654320,
"2017-01-21 00:00:00",682260,
"2017-01-22 00:00:00",789088,
"2017-01-23 00:00:00",721632,
"2017-01-24 00:00:00",707397,
"2017-01-25 00:00:00",720396,
"2017-01-26 00:00:00",676652,
"2017-01-27 00:00:00",734142,
"2017-01-28 00:00:00",786654,
"2017-01-29 00:00:00",814616,
"2017-01-30 00:00:00",701556,
"2017-01-31 00:00:00",675395,
"2017-02-01 00:00:00",666562,
"2017-02-02 00:00:00",679929,
"2017-02-03 00:00:00",704161,
"2017-02-04 00:00:00",742866,
"2017-02-05 00:00:00",720854,
"2017-02-06 00:00:00",652628,
"2017-02-07 00:00:00",641999,
"2017-02-08 00:00:00",644625,
"2017-02-09 00:00:00",651139,
"2017-02-10 00:00:00",698016,
"2017-02-11 00:00:00",744468,
"2017-02-12 00:00:00",734782,
"2017-02-13 00:00:00",649498,
"2017-02-14 00:00:00",608329,
"2017-02-15 00:00:00",623082,
"2017-02-16 00:00:00",623666,
"2017-02-17 00:00:00",685443,
"2017-02-18 00:00:00",692532,
"2017-02-19 00:00:00",714208,
"2017-02-20 00:00:00",645868,
"2017-02-21 00:00:00",631794,
"2017-02-22 00:00:00",651285,
"2017-02-23 00:00:00",633032,
"2017-02-24 00:00:00",681548,
"2017-02-25 00:00:00",711755,
"2017-02-26 00:00:00",690779,
"2017-02-27 00:00:00",614436,
"2017-02-28 00:00:00",605217,
"2017-03-01 00:00:00",606439,
"2017-03-02 00:00:00",603688,
"2017-03-03 00:00:00",686031,
"2017-03-04 00:00:00",715449,
"2017-03-05 00:00:00",668776,
"2017-03-06 00:00:00",615829,
"2017-03-07 00:00:00",657426,
"2017-03-08 00:00:00",621064,
"2017-03-09 00:00:00",610761,
"2017-03-10 00:00:00",680655,
"2017-03-11 00:00:00",717597,
"2017-03-12 00:00:00",702023,
"2017-03-13 00:00:00",620293,
"2017-03-14 00:00:00",623902,
"2017-03-15 00:00:00",617890,
"2017-03-16 00:00:00",672521,
"2017-03-17 00:00:00",681259,
"2017-03-18 00:00:00",742356,
"2017-03-19 00:00:00",729305,
"2017-03-20 00:00:00",628774,
"2017-03-21 00:00:00",263988,
"2017-03-22 00:00:00",217547,
"2017-03-23 00:00:00",610454,
"2017-03-24 00:00:00",707789,
"2017-03-25 00:00:00",718526,
"2017-03-26 00:00:00",697758,
"2017-03-27 00:00:00",646662,
"2017-03-28 00:00:00",628450,
"2017-03-29 00:00:00",632688,
"2017-03-30 00:00:00",634066,
"2017-03-31 00:00:00",691424,
"2017-04-01 00:00:00",709841,
"2017-04-02 00:00:00",670980,
"2017-04-03 00:00:00",605519,
"2017-04-04 00:00:00",589725,
"2017-04-05 00:00:00",603084,
"2017-04-06 00:00:00",606153,
"2017-04-07 00:00:00",648400,
"2017-04-08 00:00:00",669903,
"2017-04-09 00:00:00",653292,
"2017-04-10 00:00:00",623083,
"2017-04-11 00:00:00",586229,
"2017-04-12 00:00:00",608500,
"2017-04-13 00:00:00",632507,
"2017-04-14 00:00:00",678017,
"2017-04-15 00:00:00",662140,
"2017-04-16 00:00:00",643858,
"2017-04-17 00:00:00",634384,
"2017-04-18 00:00:00",601773,
"2017-04-19 00:00:00",595795,
"2017-04-20 00:00:00",626863,
"2017-04-21 00:00:00",676578,
"2017-04-22 00:00:00",695235,
"2017-04-23 00:00:00",678710,
"2017-04-24 00:00:00",604982,
"2017-04-25 00:00:00",596141,
"2017-04-26 00:00:00",583886,
"2017-04-27 00:00:00",588412,
"2017-04-28 00:00:00",656297,
"2017-04-29 00:00:00",657033,
"2017-04-30 00:00:00",658518,
"2017-05-01 00:00:00",614208,
"2017-05-02 00:00:00",585271,
"2017-05-03 00:00:00",586022,
"2017-05-04 00:00:00",583529,
"2017-05-05 00:00:00",625936,
"2017-05-06 00:00:00",647264,
"2017-05-07 00:00:00",661043,
"2017-05-08 00:00:00",607179,
"2017-05-09 00:00:00",581865,
"2017-05-10 00:00:00",575531,
"2017-05-11 00:00:00",577966,
"2017-05-12 00:00:00",629636,
"2017-05-13 00:00:00",637449,
"2017-05-14 00:00:00",598456,
"2017-05-15 00:00:00",552306,
"2017-05-16 00:00:00",548379,
"2017-05-17 00:00:00",537489,
"2017-05-18 00:00:00",556096,
"2017-05-19 00:00:00",588701,
"2017-05-20 00:00:00",611009,
"2017-05-21 00:00:00",591578,
"2017-05-22 00:00:00",551426,
"2017-05-23 00:00:00",547353,
"2017-05-24 00:00:00",697189,
"2017-05-25 00:00:00",652278,
"2017-05-26 00:00:00",646348,
"2017-05-27 00:00:00",634745,
"2017-05-28 00:00:00",660036,
"2017-05-29 00:00:00",626065,
"2017-05-30 00:00:00",597689,
"2017-05-31 00:00:00",613628,
"2017-06-01 00:00:00",587333,
"2017-06-02 00:00:00",597967,
"2017-06-03 00:00:00",597664,
"2017-06-04 00:00:00",614621,
"2017-06-05 00:00:00",613469,
"2017-06-06 00:00:00",591709,
"2017-06-07 00:00:00",589809,
"2017-06-08 00:00:00",583035,
"2017-06-09 00:00:00",563296,
"2017-06-10 00:00:00",550924,
"2017-06-11 00:00:00",570133,
"2017-06-12 00:00:00",560388,
"2017-06-13 00:00:00",557934,
"2017-06-14 00:00:00",553916,
"2017-06-15 00:00:00",569006,
"2017-06-16 00:00:00",550839,
"2017-06-17 00:00:00",544831,
"2017-06-18 00:00:00",560055,
"2017-06-19 00:00:00",542091,
"2017-06-20 00:00:00",556544,
"2017-06-21 00:00:00",551348,
"2017-06-22 00:00:00",534468,
"2017-06-23 00:00:00",513878,
"2017-06-24 00:00:00",516287,
"2017-06-25 00:00:00",553576,
"2017-06-26 00:00:00",552219,
"2017-06-27 00:00:00",548167,
"2017-06-28 00:00:00",543096,
"2017-06-29 00:00:00",538041,
"2017-06-30 00:00:00",521360,
"2017-07-01 00:00:00",518499,
"2017-07-02 00:00:00",540849,
"2017-07-03 00:00:00",556759,
"2017-07-04 00:00:00",551362,
"2017-07-05 00:00:00",566198,
"2017-07-06 00:00:00",544039,
"2017-07-07 00:00:00",530554,
"2017-07-08 00:00:00",517999,
"2017-07-09 00:00:00",573327,
"2017-07-10 00:00:00",571169,
"2017-07-11 00:00:00",551483,
"2017-07-12 00:00:00",551601,
"2017-07-13 00:00:00",539155,
"2017-07-14 00:00:00",512567,
"2017-07-15 00:00:00",502054,
"2017-07-16 00:00:00",614018,
"2017-07-17 00:00:00",591459,
"2017-07-18 00:00:00",599439,
"2017-07-19 00:00:00",606490,
"2017-07-20 00:00:00",565060,
"2017-07-21 00:00:00",595802,
"2017-07-22 00:00:00",560747,
"2017-07-23 00:00:00",640277,
"2017-07-24 00:00:00",586487,
"2017-07-25 00:00:00",590525,
"2017-07-26 00:00:00",585696,
"2017-07-27 00:00:00",576007,
"2017-07-28 00:00:00",549724,
"2017-07-29 00:00:00",537230,
"2017-07-30 00:00:00",571197,
"2017-07-31 00:00:00",563326,
"2017-08-01 00:00:00",551086,
"2017-08-02 00:00:00",544959,
"2017-08-03 00:00:00",546773,
"2017-08-04 00:00:00",533354,
"2017-08-05 00:00:00",526712,
"2017-08-06 00:00:00",570353,
"2017-08-07 00:00:00",543468,
"2017-08-08 00:00:00",524971,
"2017-08-09 00:00:00",537376,
"2017-08-10 00:00:00",520173,
"2017-08-11 00:00:00",502368,
"2017-08-12 00:00:00",517703,
"2017-08-13 00:00:00",545419,
"2017-08-14 00:00:00",526566,
"2017-08-15 00:00:00",532716,
"2017-08-16 00:00:00",539318,
"2017-08-17 00:00:00",530770,
"2017-08-18 00:00:00",522758,
"2017-08-19 00:00:00",542314,
"2017-08-20 00:00:00",578435,
"2017-08-21 00:00:00",555466,
"2017-08-22 00:00:00",550432,
"2017-08-23 00:00:00",551829,
"2017-08-24 00:00:00",544368,
"2017-08-25 00:00:00",537541,
"2017-08-26 00:00:00",560708,
"2017-08-27 00:00:00",598656,
"2017-08-28 00:00:00",568901,
"2017-08-29 00:00:00",572216,
"2017-08-30 00:00:00",568790,
"2017-08-31 00:00:00",548525,
"2017-09-01 00:00:00",539475,
"2017-09-02 00:00:00",579851,
"2017-09-03 00:00:00",593235,
"2017-09-04 00:00:00",577061,
"2017-09-05 00:00:00",546878,
"2017-09-06 00:00:00",557450,
"2017-09-07 00:00:00",566040,
"2017-09-08 00:00:00",588277,
"2017-09-09 00:00:00",602111,
"2017-09-10 00:00:00",599224,
"2017-09-11 00:00:00",556861,
"2017-09-12 00:00:00",534626,
"2017-09-13 00:00:00",546069,
"2017-09-14 00:00:00",547273,
"2017-09-15 00:00:00",634902,
"2017-09-16 00:00:00",632688,
"2017-09-17 00:00:00",681413,
"2017-09-18 00:00:00",553806,
"2017-09-19 00:00:00",554338,
"2017-09-20 00:00:00",562646,
"2017-09-21 00:00:00",562963,
"2017-09-22 00:00:00",616501,
"2017-09-23 00:00:00",631448,
"2017-09-24 00:00:00",664381,
"2017-09-25 00:00:00",548050,
"2017-09-26 00:00:00",537705,
"2017-09-27 00:00:00",541534,
"2017-09-28 00:00:00",524556,
"2017-09-29 00:00:00",577291,
"2017-09-30 00:00:00",620094,
"2017-10-01 00:00:00",611518,
"2017-10-02 00:00:00",537514,
"2017-10-03 00:00:00",543065,
"2017-10-04 00:00:00",549053,
"2017-10-05 00:00:00",549107,
"2017-10-06 00:00:00",604716,
"2017-10-07 00:00:00",637380,
"2017-10-08 00:00:00",608484,
"2017-10-09 00:00:00",561918,
"2017-10-10 00:00:00",538813,
"2017-10-11 00:00:00",567882,
"2017-10-12 00:00:00",579953,
"2017-10-13 00:00:00",623998,
"2017-10-14 00:00:00",644082,
"2017-10-15 00:00:00",620344,
"2017-10-16 00:00:00",558088,
"2017-10-17 00:00:00",537573,
"2017-10-18 00:00:00",545310,
"2017-10-19 00:00:00",557610,
"2017-10-20 00:00:00",613627,
"2017-10-21 00:00:00",638306,
"2017-10-22 00:00:00",606747,
"2017-10-23 00:00:00",537976,
"2017-10-24 00:00:00",531758,
"2017-10-25 00:00:00",531604,
"2017-10-26 00:00:00",538111,
"2017-10-27 00:00:00",580500,
"2017-10-28 00:00:00",610301,
"2017-10-29 00:00:00",580309,
"2017-10-30 00:00:00",523187,
"2017-10-31 00:00:00",513681,
"2017-11-01 00:00:00",539262,
"2017-11-02 00:00:00",549402,
"2017-11-03 00:00:00",567808,
"2017-11-04 00:00:00",589590,
"2017-11-05 00:00:00",583008,
"2017-11-06 00:00:00",499132,
"2017-11-07 00:00:00",494940,
"2017-11-08 00:00:00",486659,
"2017-11-09 00:00:00",486288,
"2017-11-10 00:00:00",547883,
"2017-11-11 00:00:00",587871,
"2017-11-12 00:00:00",560426,
"2017-11-13 00:00:00",482962,
"2017-11-14 00:00:00",513621,
"2017-11-15 00:00:00",534564,
"2017-11-16 00:00:00",516933,
"2017-11-17 00:00:00",568119,
"2017-11-18 00:00:00",602797,
"2017-11-19 00:00:00",585195,
"2017-11-20 00:00:00",531437,
"2017-11-21 00:00:00",500243,
"2017-11-22 00:00:00",518804,
"2017-11-23 00:00:00",510407,
"2017-11-24 00:00:00",552587,
"2017-11-25 00:00:00",576143,
"2017-11-26 00:00:00",577085,
"2017-11-27 00:00:00",509051,
"2017-11-28 00:00:00",509630,
"2017-11-29 00:00:00",516162,
"2017-11-30 00:00:00",520337,
"2017-12-01 00:00:00",567425,
"2017-12-02 00:00:00",595057,
"2017-12-03 00:00:00",576910,
"2017-12-04 00:00:00",520456,
"2017-12-05 00:00:00",515183,
"2017-12-06 00:00:00",521198,
"2017-12-07 00:00:00",524875,
"2017-12-08 00:00:00",573360,
"2017-12-09 00:00:00",597245,
"2017-12-10 00:00:00",568209,
"2017-12-11 00:00:00",525852,
"2017-12-12 00:00:00",507127,
"2017-12-13 00:00:00",504585,
"2017-12-14 00:00:00",509276,
"2017-12-15 00:00:00",547230,
"2017-12-16 00:00:00",567984,
"2017-12-17 00:00:00",555527,
"2017-12-18 00:00:00",523730,
"2017-12-19 00:00:00",516719,
"2017-12-20 00:00:00",523831,
"2017-12-21 00:00:00",523752,
"2017-12-22 00:00:00",555899,
"2017-12-23 00:00:00",563128,
"2017-12-24 00:00:00",480947,
"2017-12-25 00:00:00",498570,
"2017-12-26 00:00:00",541428,
"2017-12-27 00:00:00",567700,
"2017-12-28 00:00:00",571746,
"2017-12-29 00:00:00",595916,
"2017-12-30 00:00:00",601351,
"2017-12-31 00:00:00",525010,
"2018-01-01 00:00:00",562303,
"2018-01-02 00:00:00",585366,
"2018-01-03 00:00:00",586264,
"2018-01-04 00:00:00",594399,
"2018-01-05 00:00:00",624935,
"2018-01-06 00:00:00",637505,
"2018-01-07 00:00:00",630304,
"2018-01-08 00:00:00",576748,
"2018-01-09 00:00:00",566722,
"2018-01-10 00:00:00",567567,
"2018-01-11 00:00:00",568774,
"2018-01-12 00:00:00",668760,
"2018-01-13 00:00:00",719298,
"2018-01-14 00:00:00",685671,
"2018-01-15 00:00:00",636333,
"2018-01-16 00:00:00",593744,
"2018-01-17 00:00:00",599972,
"2018-01-18 00:00:00",595232,
"2018-01-19 00:00:00",655649,
"2018-01-20 00:00:00",699554,
"2018-01-21 00:00:00",680851,
"2018-01-22 00:00:00",624715,
"2018-01-23 00:00:00",625218,
"2018-01-24 00:00:00",615915,
"2018-01-25 00:00:00",637926,
"2018-01-26 00:00:00",678188,
"2018-01-27 00:00:00",706921,
"2018-01-28 00:00:00",696163,
"2018-01-29 00:00:00",644694,
"2018-01-30 00:00:00",638633,
"2018-01-31 00:00:00",637591,
"2018-02-01 00:00:00",636677,
"2018-02-02 00:00:00",677325,
"2018-02-03 00:00:00",691196,
"2018-02-04 00:00:00",680014,
"2018-02-05 00:00:00",598428,
"2018-02-06 00:00:00",596670,
"2018-02-07 00:00:00",605058,
"2018-02-08 00:00:00",591147,
"2018-02-09 00:00:00",640351,
"2018-02-10 00:00:00",660501,
"2018-02-11 00:00:00",643976,
"2018-02-12 00:00:00",597726,
"2018-02-13 00:00:00",600257,
"2018-02-14 00:00:00",573227,
"2018-02-15 00:00:00",587720,
"2018-02-16 00:00:00",672985,
"2018-02-17 00:00:00",686585,
"2018-02-18 00:00:00",676972,
"2018-02-19 00:00:00",627876,
"2018-02-20 00:00:00",606328,
"2018-02-21 00:00:00",616435,
"2018-02-22 00:00:00",626295,
"2018-02-23 00:00:00",640398,
"2018-02-24 00:00:00",671699,
"2018-02-25 00:00:00",644153,
"2018-02-26 00:00:00",582008,
"2018-02-27 00:00:00",578734,
"2018-02-28 00:00:00",585699,
"2018-03-01 00:00:00",571844,
"2018-03-02 00:00:00",638187,
"2018-03-03 00:00:00",674462,
"2018-03-04 00:00:00",631236,
"2018-03-05 00:00:00",566908,
"2018-03-06 00:00:00",571364,
"2018-03-07 00:00:00",609941,
"2018-03-08 00:00:00",579562,
"2018-03-09 00:00:00",622953,
"2018-03-10 00:00:00",660359,
"2018-03-11 00:00:00",624754,
"2018-03-12 00:00:00",549112,
"2018-03-13 00:00:00",548653,
"2018-03-14 00:00:00",540552,
"2018-03-15 00:00:00",540695,
"2018-03-16 00:00:00",612997,
"2018-03-17 00:00:00",634880,
"2018-03-18 00:00:00",612211,
"2018-03-19 00:00:00",529982,
"2018-03-20 00:00:00",528422,
"2018-03-21 00:00:00",527812,
"2018-03-22 00:00:00",523792,
"2018-03-23 00:00:00",567442,
"2018-03-24 00:00:00",593672,
"2018-03-25 00:00:00",583809,
"2018-03-26 00:00:00",535668,
"2018-03-27 00:00:00",524781,
"2018-03-28 00:00:00",553566,
"2018-03-29 00:00:00",545064,
"2018-03-30 00:00:00",589158,
"2018-03-31 00:00:00",544396,
"2018-04-01 00:00:00",522474,
"2018-04-02 00:00:00",510461,
"2018-04-03 00:00:00",481121,
"2018-04-04 00:00:00",493898,
"2018-04-05 00:00:00",478398,
"2018-04-06 00:00:00",515858,
"2018-04-07 00:00:00",523827,
"2018-04-08 00:00:00",502355,
"2018-04-09 00:00:00",442875,
"2018-04-10 00:00:00",441873,
"2018-04-11 00:00:00",442723,
"2018-04-12 00:00:00",449917,
"2018-04-13 00:00:00",486166,
"2018-04-14 00:00:00",501226,
"2018-04-15 00:00:00",485242,
"2018-04-16 00:00:00",446893,
"2018-04-17 00:00:00",437164,
"2018-04-18 00:00:00",427398,
"2018-04-19 00:00:00",421633,
"2018-04-20 00:00:00",461568,
"2018-04-21 00:00:00",487714,
"2018-04-22 00:00:00",492181,
"2018-04-23 00:00:00",443309,
"2018-04-24 00:00:00",428943,
"2018-04-25 00:00:00",431212,
"2018-04-26 00:00:00",429449,
"2018-04-27 00:00:00",444255,
"2018-04-28 00:00:00",465955,
"2018-04-29 00:00:00",473796,
"2018-04-30 00:00:00",455403,
"2018-05-01 00:00:00",435923,
"2018-05-02 00:00:00",401273,
"2018-05-03 00:00:00",406918,
"2018-05-04 00:00:00",436659,
"2018-05-05 00:00:00",454436,
"2018-05-06 00:00:00",443751,
"2018-05-07 00:00:00",400741,
"2018-05-08 00:00:00",416641,
"2018-05-09 00:00:00",374213,
"2018-05-10 00:00:00",386331,
"2018-05-11 00:00:00",422768,
"2018-05-12 00:00:00",435667,
"2018-05-13 00:00:00",423090,
"2018-05-14 00:00:00",386353,
"2018-05-15 00:00:00",381411,
"2018-05-16 00:00:00",386297,
"2018-05-17 00:00:00",378731,
"2018-05-18 00:00:00",410765,
"2018-05-19 00:00:00",424847,
"2018-05-20 00:00:00",416185,
"2018-05-21 00:00:00",397327,
"2018-05-22 00:00:00",386506,
"2018-05-23 00:00:00",382180,
"2018-05-24 00:00:00",387091,
"2018-05-25 00:00:00",406335,
"2018-05-26 00:00:00",404882,
"2018-05-27 00:00:00",420441,
"2018-05-28 00:00:00",411336,
"2018-05-29 00:00:00",403800,
"2018-05-30 00:00:00",391231,
"2018-05-31 00:00:00",414384,
"2018-06-01 00:00:00",401912,
"2018-06-02 00:00:00",398415,
"2018-06-03 00:00:00",422310,
"2018-06-04 00:00:00",400075,
"2018-06-05 00:00:00",401950,
"2018-06-06 00:00:00",401474,
"2018-06-07 00:00:00",395399,
"2018-06-08 00:00:00",385574,
"2018-06-09 00:00:00",406915,
"2018-06-10 00:00:00",401825,
"2018-06-11 00:00:00",406801,
"2018-06-12 00:00:00",396623,
"2018-06-13 00:00:00",407797,
"2018-06-14 00:00:00",396812,
"2018-06-15 00:00:00",355709,
"2018-06-16 00:00:00",375844,
"2018-06-17 00:00:00",396111,
"2018-06-18 00:00:00",391787,
"2018-06-19 00:00:00",389800,
"2018-06-20 00:00:00",404184,
"2018-06-21 00:00:00",380788,
"2018-06-22 00:00:00",388254,
"2018-06-23 00:00:00",385005,
"2018-06-24 00:00:00",403726,
"2018-06-25 00:00:00",389087,
"2018-06-26 00:00:00",381327,
"2018-06-27 00:00:00",377047,
"2018-06-28 00:00:00",378351,
"2018-06-29 00:00:00",379774,
"2018-06-30 00:00:00",371997,
"2018-07-01 00:00:00",396799,
"2018-07-02 00:00:00",389880,
"2018-07-03 00:00:00",365647,
"2018-07-04 00:00:00",399953,
"2018-07-05 00:00:00",393703,
"2018-07-06 00:00:00",372084,
"2018-07-07 00:00:00",370039,
"2018-07-08 00:00:00",420674,
"2018-07-09 00:00:00",429650,
"2018-07-10 00:00:00",378806,
"2018-07-11 00:00:00",381982,
"2018-07-12 00:00:00",403220,
"2018-07-13 00:00:00",386670,
"2018-07-14 00:00:00",386930,
"2018-07-15 00:00:00",421859,
"2018-07-16 00:00:00",410965,
"2018-07-17 00:00:00",410387,
"2018-07-18 00:00:00",412253,
"2018-07-19 00:00:00",393113,
"2018-07-20 00:00:00",379547,
"2018-07-21 00:00:00",369377,
"2018-07-22 00:00:00",402249,
"2018-07-23 00:00:00",405865,
"2018-07-24 00:00:00",395213,
"2018-07-25 00:00:00",388536,
"2018-07-26 00:00:00",386955,
"2018-07-27 00:00:00",366820,
"2018-07-28 00:00:00",370155,
"2018-07-29 00:00:00",398283,
"2018-07-30 00:00:00",404885,
"2018-07-31 00:00:00",390725,
"2018-08-01 00:00:00",384368,
"2018-08-02 00:00:00",378118,
"2018-08-03 00:00:00",404780,
"2018-08-04 00:00:00",403304,
"2018-08-05 00:00:00",426277,
"2018-08-06 00:00:00",418671,
"2018-08-07 00:00:00",399534,
"2018-08-08 00:00:00",414487,
"2018-08-09 00:00:00",400059,
"2018-08-10 00:00:00",382492,
"2018-08-11 00:00:00",391139,
"2018-08-12 00:00:00",415889,
"2018-08-13 00:00:00",406483,
"2018-08-14 00:00:00",387909,
"2018-08-15 00:00:00",392190,
"2018-08-16 00:00:00",403366,
"2018-08-17 00:00:00",392254,
"2018-08-18 00:00:00",402196,
"2018-08-19 00:00:00",428710,
"2018-08-20 00:00:00",402305,
"2018-08-21 00:00:00",391082,
"2018-08-22 00:00:00",391082,
"2018-08-23 00:00:00",386361,
"2018-08-24 00:00:00",386639,
"2018-08-25 00:00:00",408895,
"2018-08-26 00:00:00",456907,
"2018-08-27 00:00:00",427268,
"2018-08-28 00:00:00",425595,
"2018-08-29 00:00:00",423666,
"2018-08-30 00:00:00",420600,
"2018-08-31 00:00:00",429373,
"2018-09-01 00:00:00",451304,
"2018-09-02 00:00:00",454425,
"2018-09-03 00:00:00",458145,
"2018-09-04 00:00:00",420799,
"2018-09-05 00:00:00",433306,
"2018-09-06 00:00:00",430506,
"2018-09-07 00:00:00",473064,
"2018-09-08 00:00:00",510248,
"2018-09-09 00:00:00",523315,
"2018-09-10 00:00:00",494317,
"2018-09-11 00:00:00",488980,
"2018-09-12 00:00:00",473249,
"2018-09-13 00:00:00",488112,
"2018-09-14 00:00:00",520394,
"2018-09-15 00:00:00",549895,
"2018-09-16 00:00:00",554058,
"2018-09-17 00:00:00",499820,
"2018-09-18 00:00:00",482772,
"2018-09-19 00:00:00",476273,
"2018-09-20 00:00:00",477057,
"2018-09-21 00:00:00",529496,
"2018-09-22 00:00:00",587639,
"2018-09-23 00:00:00",584417,
"2018-09-24 00:00:00",520926,
"2018-09-25 00:00:00",535791,
"2018-09-26 00:00:00",526703,
"2018-09-27 00:00:00",497875,
"2018-09-28 00:00:00",525647,
"2018-09-29 00:00:00",545234,
"2018-09-30 00:00:00",573410,
"2018-10-01 00:00:00",520380,
"2018-10-02 00:00:00",513422,
"2018-10-03 00:00:00",512932,
"2018-10-04 00:00:00",509096,
"2018-10-05 00:00:00",544025,
"2018-10-06 00:00:00",567916,
"2018-10-07 00:00:00",544391,
"2018-10-08 00:00:00",510312,
"2018-10-09 00:00:00",499103,
"2018-10-10 00:00:00",489270,
"2018-10-11 00:00:00",489305,
"2018-10-12 00:00:00",529774,
"2018-10-13 00:00:00",531049,
"2018-10-14 00:00:00",521403,
"2018-10-15 00:00:00",482625,
"2018-10-16 00:00:00",466907,
"2018-10-17 00:00:00",475983,
"2018-10-18 00:00:00",475672,
"2018-10-19 00:00:00",513368,
"2018-10-20 00:00:00",535314,
"2018-10-21 00:00:00",519435,
"2018-10-22 00:00:00",465645,
"2018-10-23 00:00:00",466671,
"2018-10-24 00:00:00",482083,
"2018-10-25 00:00:00",492784,
"2018-10-26 00:00:00",525136,
"2018-10-27 00:00:00",544244,
"2018-10-28 00:00:00",543919,
"2018-10-29 00:00:00",475117,
"2018-10-30 00:00:00",460838,
"2018-10-31 00:00:00",439593,
"2018-11-01 00:00:00",473842,
"2018-11-02 00:00:00",485776,
"2018-11-03 00:00:00",506248,
"2018-11-04 00:00:00",524056,
"2018-11-05 00:00:00",446011,
"2018-11-06 00:00:00",432726,
"2018-11-07 00:00:00",428192,
"2018-11-08 00:00:00",429044,
"2018-11-09 00:00:00",478359,
"2018-11-10 00:00:00",516365,
"2018-11-11 00:00:00",492961,
"2018-11-12 00:00:00",454763,
"2018-11-13 00:00:00",471698,
"2018-11-14 00:00:00",474959,
"2018-11-15 00:00:00",480043,
"2018-11-16 00:00:00",516851,
"2018-11-17 00:00:00",546192,
"2018-11-18 00:00:00",543916,
"2018-11-19 00:00:00",488906,
"2018-11-20 00:00:00",478568,
"2018-11-21 00:00:00",456412,
"2018-11-22 00:00:00",461948,
"2018-11-23 00:00:00",496143,
"2018-11-24 00:00:00",529379,
"2018-11-25 00:00:00",514340,
"2018-11-26 00:00:00",457745,
"2018-11-27 00:00:00",463123,
"2018-11-28 00:00:00",458216,
"2018-11-29 00:00:00",458409,
"2018-11-30 00:00:00",504854,
"2018-12-01 00:00:00",534609,
"2018-12-02 00:00:00",514335,
"2018-12-03 00:00:00",458076,
"2018-12-04 00:00:00",465526,
"2018-12-05 00:00:00",463505,
"2018-12-06 00:00:00",452285,
"2018-12-07 00:00:00",688741,
"2018-12-08 00:00:00",749638,
"2018-12-09 00:00:00",740157,
"2018-12-10 00:00:00",653740,
"2018-12-11 00:00:00",631190,
"2018-12-12 00:00:00",612615,
"2018-12-13 00:00:00",608040,
"2018-12-14 00:00:00",653802,
"2018-12-15 00:00:00",685090,
"2018-12-16 00:00:00",663957,
"2018-12-17 00:00:00",607836,
"2018-12-18 00:00:00",599055,
"2018-12-19 00:00:00",596047,
"2018-12-20 00:00:00",590125,
"2018-12-21 00:00:00",625674,
"2018-12-22 00:00:00",638507,
"2018-12-23 00:00:00",608651,
"2018-12-24 00:00:00",537230,
"2018-12-25 00:00:00",552211,
"2018-12-26 00:00:00",592111,
"2018-12-27 00:00:00",607195,
"2018-12-28 00:00:00",623818,
"2018-12-29 00:00:00",636931,
"2018-12-30 00:00:00",635244,
"2018-12-31 00:00:00",565800,
"2019-01-01 00:00:00",577546,
"2019-01-02 00:00:00",617293,
"2019-01-03 00:00:00",614938,
"2019-01-04 00:00:00",648525,
"2019-01-05 00:00:00",671521,
"2019-01-06 00:00:00",667843,
"2019-01-07 00:00:00",619371,
"2019-01-08 00:00:00",604350,
"2019-01-09 00:00:00",598055,
"2019-01-10 00:00:00",601609,
"2019-01-11 00:00:00",649360,
"2019-01-12 00:00:00",687299,
"2019-01-13 00:00:00",657620,
"2019-01-14 00:00:00",596411,
"2019-01-15 00:00:00",595994,
"2019-01-16 00:00:00",598740,
"2019-01-17 00:00:00",600970,
"2019-01-18 00:00:00",637700,
"2019-01-19 00:00:00",663631,
"2019-01-20 00:00:00",665934,
"2019-01-21 00:00:00",620408,
"2019-01-22 00:00:00",607583,
"2019-01-23 00:00:00",619365,
"2019-01-24 00:00:00",612605,
"2019-01-25 00:00:00",644652,
"2019-01-26 00:00:00",682297,
"2019-01-27 00:00:00",668664,
"2019-01-28 00:00:00",603970,
"2019-01-29 00:00:00",621303,
"2019-01-30 00:00:00",622533,
"2019-01-31 00:00:00",621355,
"2019-02-01 00:00:00",628397,
"2019-02-02 00:00:00",651044,
"2019-02-03 00:00:00",656097,
"2019-02-04 00:00:00",593481,
"2019-02-05 00:00:00",571128,
"2019-02-06 00:00:00",570858,
"2019-02-07 00:00:00",571388,
"2019-02-08 00:00:00",607871,
"2019-02-09 00:00:00",630610,
"2019-02-10 00:00:00",614597,
"2019-02-11 00:00:00",543314,
"2019-02-12 00:00:00",543607,
"2019-02-13 00:00:00",554770,
"2019-02-14 00:00:00",533391,
"2019-02-15 00:00:00",614110,
"2019-02-16 00:00:00",635048,
"2019-02-17 00:00:00",620922,
"2019-02-18 00:00:00",572682,
"2019-02-19 00:00:00",545518,
"2019-02-20 00:00:00",559958,
"2019-02-21 00:00:00",545552,
"2019-02-22 00:00:00",603534,
"2019-02-23 00:00:00",624672,
"2019-02-24 00:00:00",609501,
"2019-02-25 00:00:00",548157,
"2019-02-26 00:00:00",541458,
"2019-02-27 00:00:00",552440,
"2019-02-28 00:00:00",552326,
"2019-03-01 00:00:00",608156,
"2019-03-02 00:00:00",651158,
"2019-03-03 00:00:00",636794,
"2019-03-04 00:00:00",605420,
"2019-03-05 00:00:00",606247,
"2019-03-06 00:00:00",591936,
"2019-03-07 00:00:00",611878,
"2019-03-08 00:00:00",616811,
"2019-03-09 00:00:00",658309,
"2019-03-10 00:00:00",634783,
"2019-03-11 00:00:00",565946,
"2019-03-12 00:00:00",560701,
"2019-03-13 00:00:00",562243,
"2019-03-14 00:00:00",614450,
"2019-03-15 00:00:00",651118,
"2019-03-16 00:00:00",683952,
"2019-03-17 00:00:00",655834,
"2019-03-18 00:00:00",580816,
"2019-03-19 00:00:00",569623,
"2019-03-20 00:00:00",574208,
"2019-03-21 00:00:00",576218,
"2019-03-22 00:00:00",623358,
"2019-03-23 00:00:00",640328,
"2019-03-24 00:00:00",650464,
"2019-03-25 00:00:00",583445,
"2019-03-26 00:00:00",591372,
"2019-03-27 00:00:00",589838,
"2019-03-28 00:00:00",578916,
"2019-03-29 00:00:00",601629,
"2019-03-30 00:00:00",620057,
"2019-03-31 00:00:00",631033,
"2019-04-01 00:00:00",562121,
"2019-04-02 00:00:00",565934,
"2019-04-03 00:00:00",560259,
"2019-04-04 00:00:00",565948,
"2019-04-05 00:00:00",602699,
"2019-04-06 00:00:00",603953,
"2019-04-07 00:00:00",617358,
"2019-04-08 00:00:00",558585,
"2019-04-09 00:00:00",549433,
"2019-04-10 00:00:00",551738,
"2019-04-11 00:00:00",559450,
"2019-04-12 00:00:00",603108,
"2019-04-13 00:00:00",622852,
"2019-04-14 00:00:00",616891,
"2019-04-15 00:00:00",547137,
"2019-04-16 00:00:00",547117,
"2019-04-17 00:00:00",541109,
"2019-04-18 00:00:00",529877,
"2019-04-19 00:00:00",576762,
"2019-04-20 00:00:00",574395,
"2019-04-21 00:00:00",541089,
"2019-04-22 00:00:00",537243,
"2019-04-23 00:00:00",524659,
"2019-04-24 00:00:00",515270,
"2019-04-25 00:00:00",501579,
"2019-04-26 00:00:00",534961,
"2019-04-27 00:00:00",553900,
"2019-04-28 00:00:00",583792,
"2019-04-29 00:00:00",507100,
"2019-04-30 00:00:00",553538,
"2019-05-01 00:00:00",568214,
"2019-05-02 00:00:00",543586,
"2019-05-03 00:00:00",561108,
"2019-05-04 00:00:00",582012,
"2019-05-05 00:00:00",592848,
"2019-05-06 00:00:00",511905,
"2019-05-07 00:00:00",512842,
"2019-05-08 00:00:00",537264,
"2019-05-09 00:00:00",501046,
"2019-05-10 00:00:00",530884,
"2019-05-11 00:00:00",573543,
"2019-05-12 00:00:00",564053,
"2019-05-13 00:00:00",507766,
"2019-05-14 00:00:00",509692,
"2019-05-15 00:00:00",505588,
"2019-05-16 00:00:00",492619,
"2019-05-17 00:00:00",545377,
"2019-05-18 00:00:00",581331,
"2019-05-19 00:00:00",578137,
"2019-05-20 00:00:00",504720,
"2019-05-21 00:00:00",507507,
"2019-05-22 00:00:00",518201,
"2019-05-23 00:00:00",517583,
"2019-05-24 00:00:00",560173,
"2019-05-25 00:00:00",584825,
"2019-05-26 00:00:00",581672,
"2019-05-27 00:00:00",530025,
"2019-05-28 00:00:00",531695,
"2019-05-29 00:00:00",535884,
"2019-05-30 00:00:00",562774,
"2019-05-31 00:00:00",573692,
"2019-06-01 00:00:00",585349,
"2019-06-02 00:00:00",585557,
"2019-06-03 00:00:00",526783,
"2019-06-04 00:00:00",516888,
"2019-06-05 00:00:00",526735,
"2019-06-06 00:00:00",542164,
"2019-06-07 00:00:00",538759,
"2019-06-08 00:00:00",568071,
"2019-06-09 00:00:00",582363,
"2019-06-10 00:00:00",564597,
"2019-06-11 00:00:00",546253,
"2019-06-12 00:00:00",540656,
"2019-06-13 00:00:00",552723,
"2019-06-14 00:00:00",567322,
"2019-06-15 00:00:00",587433,
"2019-06-16 00:00:00",591839,
"2019-06-17 00:00:00",550624,
"2019-06-18 00:00:00",547789,
"2019-06-19 00:00:00",561396,
"2019-06-20 00:00:00",577440,
"2019-06-21 00:00:00",574004,
"2019-06-22 00:00:00",581726,
"2019-06-23 00:00:00",588757,
"2019-06-24 00:00:00",552351,
"2019-06-25 00:00:00",553924,
"2019-06-26 00:00:00",549427,
"2019-06-27 00:00:00",547556,
"2019-06-28 00:00:00",546089,
"2019-06-29 00:00:00",547650,
"2019-06-30 00:00:00",545506,
"2019-07-01 00:00:00",537673,
"2019-07-02 00:00:00",528779,
"2019-07-03 00:00:00",529598,
"2019-07-04 00:00:00",524409,
"2019-07-05 00:00:00",539950,
"2019-07-06 00:00:00",542013,
"2019-07-07 00:00:00",567573,
"2019-07-08 00:00:00",543308,
"2019-07-09 00:00:00",546354,
"2019-07-10 00:00:00",551439,
"2019-07-11 00:00:00",557663,
"2019-07-12 00:00:00",566931,
"2019-07-13 00:00:00",569045,
"2019-07-14 00:00:00",579696,
"2019-07-15 00:00:00",558523,
"2019-07-16 00:00:00",566897,
"2019-07-17 00:00:00",549455,
"2019-07-18 00:00:00",546245,
"2019-07-19 00:00:00",537615,
"2019-07-20 00:00:00",542687,
"2019-07-21 00:00:00",558577,
"2019-07-22 00:00:00",546700,
"2019-07-23 00:00:00",546245,
"2019-07-24 00:00:00",543019,
"2019-07-25 00:00:00",554700,
"2019-07-26 00:00:00",558518,
"2019-07-27 00:00:00",553430,
"2019-07-28 00:00:00",561258,
"2019-07-29 00:00:00",553736,
"2019-07-30 00:00:00",563644,
"2019-07-31 00:00:00",542754,
"2019-08-01 00:00:00",564132,
"2019-08-02 00:00:00",566001,
"2019-08-03 00:00:00",567354,
"2019-08-04 00:00:00",584024,
"2019-08-05 00:00:00",564464,
"2019-08-06 00:00:00",559560,
"2019-08-07 00:00:00",551299,
"2019-08-08 00:00:00",561446,
"2019-08-09 00:00:00",570765,
"2019-08-10 00:00:00",582225,
"2019-08-11 00:00:00",588516,
"2019-08-12 00:00:00",577257,
"2019-08-13 00:00:00",578384,
"2019-08-14 00:00:00",577334,
"2019-08-15 00:00:00",578682,
"2019-08-16 00:00:00",587440,
"2019-08-17 00:00:00",600467,
"2019-08-18 00:00:00",625961,
"2019-08-19 00:00:00",593590,
"2019-08-20 00:00:00",576918,
"2019-08-21 00:00:00",584600,
"2019-08-22 00:00:00",581697,
"2019-08-23 00:00:00",611524,
"2019-08-24 00:00:00",606327,
"2019-08-25 00:00:00",640663,
"2019-08-26 00:00:00",612906,
"2019-08-27 00:00:00",620818,
"2019-08-28 00:00:00",625083,
"2019-08-29 00:00:00",617096,
"2019-08-30 00:00:00",634547,
"2019-08-31 00:00:00",650734,
"2019-09-01 00:00:00",659195,
"2019-09-02 00:00:00",623132,
"2019-09-03 00:00:00",588645,
"2019-09-04 00:00:00",586540,
"2019-09-05 00:00:00",571595,
"2019-09-06 00:00:00",638348,
"2019-09-07 00:00:00",691087,
"2019-09-08 00:00:00",711947,
"2019-09-09 00:00:00",614593,
"2019-09-10 00:00:00",604072,
"2019-09-11 00:00:00",608250,
"2019-09-12 00:00:00",635520,
"2019-09-13 00:00:00",651843,
"2019-09-14 00:00:00",680012,
"2019-09-15 00:00:00",697360,
"2019-09-16 00:00:00",584654,
"2019-09-17 00:00:00",584933,
"2019-09-18 00:00:00",599703,
"2019-09-19 00:00:00",604521,
"2019-09-20 00:00:00",666234,
"2019-09-21 00:00:00",721719,
"2019-09-22 00:00:00",689283,
"2019-09-23 00:00:00",587942,
"2019-09-24 00:00:00",586083,
"2019-09-25 00:00:00",585770,
"2019-09-26 00:00:00",580854,
"2019-09-27 00:00:00",646588,
"2019-09-28 00:00:00",691200,
"2019-09-29 00:00:00",723700,
"2019-09-30 00:00:00",636017,
"2019-10-01 00:00:00",606865,
"2019-10-02 00:00:00",598929,
"2019-10-03 00:00:00",607680,
"2019-10-04 00:00:00",649179,
"2019-10-05 00:00:00",702737,
"2019-10-06 00:00:00",736095,
"2019-10-07 00:00:00",593696,
"2019-10-08 00:00:00",587908,
"2019-10-09 00:00:00",592077,
"2019-10-10 00:00:00",596661,
"2019-10-11 00:00:00",650945,
"2019-10-12 00:00:00",730551,
"2019-10-13 00:00:00",696199,
"2019-10-14 00:00:00",618794,
"2019-10-15 00:00:00",565809,
"2019-10-16 00:00:00",576760,
"2019-10-17 00:00:00",579182,
"2019-10-18 00:00:00",639583,
"2019-10-19 00:00:00",754909,
"2019-10-20 00:00:00",719599,
"2019-10-21 00:00:00",609697,
"2019-10-22 00:00:00",589634,
"2019-10-23 00:00:00",591211,
"2019-10-24 00:00:00",593837,
"2019-10-25 00:00:00",646260,
"2019-10-26 00:00:00",687657,
"2019-10-27 00:00:00",651330,
"2019-10-28 00:00:00",570898,
"2019-10-29 00:00:00",562221,
"2019-10-30 00:00:00",561445,
"2019-10-31 00:00:00",560330,
"2019-11-01 00:00:00",632716,
"2019-11-02 00:00:00",667826,
"2019-11-03 00:00:00",672470,
"2019-11-04 00:00:00",581586,
"2019-11-05 00:00:00",559428,
"2019-11-06 00:00:00",565340,
"2019-11-07 00:00:00",571773,
"2019-11-08 00:00:00",622400,
"2019-11-09 00:00:00",715036,
"2019-11-10 00:00:00",629632,
"2019-11-11 00:00:00",573425,
"2019-11-12 00:00:00",552527,
"2019-11-13 00:00:00",550375,
"2019-11-14 00:00:00",567136,
"2019-11-15 00:00:00",649848,
"2019-11-16 00:00:00",712500,
"2019-11-17 00:00:00",693021,
"2019-11-18 00:00:00",573863,
"2019-11-19 00:00:00",699297,
"2019-11-20 00:00:00",646993,
"2019-11-21 00:00:00",622363,
"2019-11-22 00:00:00",691596,
"2019-11-23 00:00:00",764438,
"2019-11-24 00:00:00",742946,
"2019-11-25 00:00:00",619277,
"2019-11-26 00:00:00",596910,
"2019-11-27 00:00:00",627368,
"2019-11-28 00:00:00",609396,
"2019-11-29 00:00:00",684870,
"2019-11-30 00:00:00",759412,
"2019-12-01 00:00:00",722402,
"2019-12-02 00:00:00",591367,
"2019-12-03 00:00:00",598239,
"2019-12-04 00:00:00",624813,
"2019-12-05 00:00:00",614239,
"2019-12-06 00:00:00",701035,
"2019-12-07 00:00:00",771640,
"2019-12-08 00:00:00",746357,
"2019-12-09 00:00:00",625454,
"2019-12-10 00:00:00",613617,
"2019-12-11 00:00:00",638294,
"2019-12-12 00:00:00",608913,
"2019-12-13 00:00:00",707912,
"2019-12-14 00:00:00",761448,
"2019-12-15 00:00:00",745263,
"2019-12-16 00:00:00",618872,
"2019-12-17 00:00:00",612331,
"2019-12-18 00:00:00",640425,
"2019-12-19 00:00:00",640917,
"2019-12-20 00:00:00",715562,
"2019-12-21 00:00:00",733293,
"2019-12-22 00:00:00",716067,
"2019-12-23 00:00:00",655944,
"2019-12-24 00:00:00",636030,
"2019-12-25 00:00:00",653216,
"2019-12-26 00:00:00",676008,
"2019-12-27 00:00:00",733416,
"2019-12-28 00:00:00",742771,
"2019-12-29 00:00:00",740118,
"2019-12-30 00:00:00",709943,
"2019-12-31 00:00:00",695220,
"2020-01-01 00:00:00",694327,
"2020-01-02 00:00:00",714555,
"2020-01-03 00:00:00",759329,
"2020-01-04 00:00:00",779054,
"2020-01-05 00:00:00",768693,
"2020-01-06 00:00:00",723301,
"2020-01-07 00:00:00",709537,
"2020-01-08 00:00:00",715930,
"2020-01-09 00:00:00",692362,
"2020-01-10 00:00:00",738802,
"2020-01-11 00:00:00",805733,
"2020-01-12 00:00:00",822490,
"2020-01-13 00:00:00",694511,
"2020-01-14 00:00:00",684222,
"2020-01-15 00:00:00",693126,
"2020-01-16 00:00:00",694151,
"2020-01-17 00:00:00",729182,
"2020-01-18 00:00:00",780679,
"2020-01-19 00:00:00",784392,
"2020-01-20 00:00:00",725101,
"2020-01-21 00:00:00",700650,
"2020-01-22 00:00:00",714086,
"2020-01-23 00:00:00",710041,
"2020-01-24 00:00:00",744747,
"2020-01-25 00:00:00",755927,
"2020-01-26 00:00:00",779615,
"2020-01-27 00:00:00",695110,
"2020-01-28 00:00:00",704919,
"2020-01-29 00:00:00",725786,
"2020-01-30 00:00:00",693848,
"2020-01-31 00:00:00",746299,
"2020-02-01 00:00:00",801127,
"2020-02-02 00:00:00",828642,
"2020-02-03 00:00:00",717757,
"2020-02-04 00:00:00",710622,
"2020-02-05 00:00:00",734315,
"2020-02-06 00:00:00",745212,
"2020-02-07 00:00:00",787521,
"2020-02-08 00:00:00",876575,
"2020-02-09 00:00:00",901681,
"2020-02-10 00:00:00",767824,
"2020-02-11 00:00:00",765911,
"2020-02-12 00:00:00",765364,
"2020-02-13 00:00:00",761042,
"2020-02-14 00:00:00",769965,
"2020-02-15 00:00:00",870940,
"2020-02-16 00:00:00",893811,
"2020-02-17 00:00:00",752432,
"2020-02-18 00:00:00",747465,
"2020-02-19 00:00:00",770785,
"2020-02-20 00:00:00",741022,
"2020-02-21 00:00:00",799293,
"2020-02-22 00:00:00",866684,
"2020-02-23 00:00:00",896092,
"2020-02-24 00:00:00",762739,
"2020-02-25 00:00:00",765376,
"2020-02-26 00:00:00",779423,
"2020-02-27 00:00:00",788179,
"2020-02-28 00:00:00",856801,
"2020-02-29 00:00:00",933748,
"2020-03-01 00:00:00",925990,
"2020-03-02 00:00:00",778860,
"2020-03-03 00:00:00",768562,
"2020-03-04 00:00:00",811344,
"2020-03-05 00:00:00",789769,
"2020-03-06 00:00:00",867924,
"2020-03-07 00:00:00",953051,
"2020-03-08 00:00:00",953114,
"2020-03-09 00:00:00",808581,
"2020-03-10 00:00:00",787841,
"2020-03-11 00:00:00",803004,
"2020-03-12 00:00:00",841468,
"2020-03-13 00:00:00",936750,
"2020-03-14 00:00:00",1007062,
"2020-03-15 00:00:00",1024845,
"2020-03-16 00:00:00",971220,
"2020-03-17 00:00:00",991675,
"2020-03-18 00:00:00",1003208,
"2020-03-19 00:00:00",1018690,
"2020-03-20 00:00:00",1060189,
"2020-03-21 00:00:00",1091858,
"2020-03-22 00:00:00",1102067,
"2020-03-23 00:00:00",1078859,
"2020-03-24 00:00:00",1079644,
"2020-03-25 00:00:00",1085157,
"2020-03-26 00:00:00",1093863,
"2020-03-27 00:00:00",1091740,
"2020-03-28 00:00:00",1080631,
"2020-03-29 00:00:00",1123002,
"2020-03-30 00:00:00",1138639,
"2020-03-31 00:00:00",1152459,
"2020-04-01 00:00:00",1226724,
"2020-04-02 00:00:00",1224247,
"2020-04-03 00:00:00",1191540,
"2020-04-04 00:00:00",1230947,
"2020-04-05 00:00:00",1189488,
"2020-04-06 00:00:00",1203825,
"2020-04-07 00:00:00",1193571,
"2020-04-08 00:00:00",1209154,
"2020-04-09 00:00:00",1241444,
"2020-04-10 00:00:00",1251665,
"2020-04-11 00:00:00",1271725,
"2020-04-12 00:00:00",1250565,
"2020-04-13 00:00:00",1267419,
"2020-04-14 00:00:00",1275055,
"2020-04-15 00:00:00",1276026,
"2020-04-16 00:00:00",1270409,
"2020-04-17 00:00:00",1301348,
"2020-04-18 00:00:00",1308963,
"2020-04-19 00:00:00",1275057,
"2020-04-20 00:00:00",1243058,
"2020-04-21 00:00:00",1247322,
"2020-04-22 00:00:00",1219736,
"2020-04-23 00:00:00",1200613,
"2020-04-24 00:00:00",1250167,
"2020-04-25 00:00:00",1229864,
"2020-04-26 00:00:00",1202791,
"2020-04-27 00:00:00",1169979,
"2020-04-28 00:00:00",1169370,
"2020-04-29 00:00:00",1207371,
"2020-04-30 00:00:00",1204257,
"2020-05-01 00:00:00",1197982,
"2020-05-02 00:00:00",1179111,
"2020-05-03 00:00:00",1177330,
"2020-05-04 00:00:00",1150445,
"2020-05-05 00:00:00",1110015,
"2020-05-06 00:00:00",1130904,
"2020-05-07 00:00:00",1084248,
"2020-05-08 00:00:00",1066098,
"2020-05-09 00:00:00",1079545,
"2020-05-10 00:00:00",1101279,
"2020-05-11 00:00:00",1096609,
"2020-05-12 00:00:00",1063776,
"2020-05-13 00:00:00",1093244,
"2020-05-14 00:00:00",1066988,
"2020-05-15 00:00:00",1023159,
"2020-05-16 00:00:00",1043795,
"2020-05-17 00:00:00",1034930,
"2020-05-18 00:00:00",979977,
"2020-05-19 00:00:00",1001249,
"2020-05-20 00:00:00",964754,
"2020-05-21 00:00:00",988808,
"2020-05-22 00:00:00",991212,
"2020-05-23 00:00:00",1027590,
"2020-05-24 00:00:00",1044056,
"2020-05-25 00:00:00",1015434,
"2020-05-26 00:00:00",1010289,
"2020-05-27 00:00:00",994122,
"2020-05-28 00:00:00",1013795,
"2020-05-29 00:00:00",1043130,
"2020-05-30 00:00:00",1044511,
"2020-05-31 00:00:00",1023150,
"2020-06-01 00:00:00",1011177,
"2020-06-02 00:00:00",937580,
"2020-06-03 00:00:00",932760,
"2020-06-04 00:00:00",934448,
"2020-06-05 00:00:00",957636,
"2020-06-06 00:00:00",929395,
"2020-06-07 00:00:00",920203,
"2020-06-08 00:00:00",892104,
"2020-06-09 00:00:00",887230,
"2020-06-10 00:00:00",891906,
"2020-06-11 00:00:00",901667,
"2020-06-12 00:00:00",899776,
"2020-06-13 00:00:00",895775,
"2020-06-14 00:00:00",903070,
"2020-06-15 00:00:00",881845,
"2020-06-16 00:00:00",886728,
"2020-06-17 00:00:00",911994,
"2020-06-18 00:00:00",911574,
"2020-06-19 00:00:00",913403,
"2020-06-20 00:00:00",888537,
"2020-06-21 00:00:00",928180,
"2020-06-22 00:00:00",907735,
"2020-06-23 00:00:00",881345,
"2020-06-24 00:00:00",920470,
"2020-06-25 00:00:00",871671,
"2020-06-26 00:00:00",857056,
"2020-06-27 00:00:00",814327,
"2020-06-28 00:00:00",861860,
"2020-06-29 00:00:00",868848,
"2020-06-30 00:00:00",842219,
"2020-07-01 00:00:00",843328,
"2020-07-02 00:00:00",851382,
"2020-07-03 00:00:00",857806,
"2020-07-04 00:00:00",828139,
"2020-07-05 00:00:00",860341,
"2020-07-06 00:00:00",851345,
"2020-07-07 00:00:00",855458,
"2020-07-08 00:00:00",861948,
"2020-07-09 00:00:00",837672,
"2020-07-10 00:00:00",841988,
"2020-07-11 00:00:00",842185,
"2020-07-12 00:00:00",852054,
"2020-07-13 00:00:00",856898,
"2020-07-14 00:00:00",855750,
"2020-07-15 00:00:00",828038,
"2020-07-16 00:00:00",836648,
"2020-07-17 00:00:00",824560,
"2020-07-18 00:00:00",820206,
"2020-07-19 00:00:00",839501,
"2020-07-20 00:00:00",842220,
"2020-07-21 00:00:00",840672,
"2020-07-22 00:00:00",836025,
"2020-07-23 00:00:00",834506,
"2020-07-24 00:00:00",829455,
"2020-07-25 00:00:00",818275,
"2020-07-26 00:00:00",850662,
"2020-07-27 00:00:00",834659,
"2020-07-28 00:00:00",836535,
"2020-07-29 00:00:00",848767,
"2020-07-30 00:00:00",851551,
"2020-07-31 00:00:00",842888,
"2020-08-01 00:00:00",827135,
"2020-08-02 00:00:00",861813,
"2020-08-03 00:00:00",863741,
"2020-08-04 00:00:00",880796,
"2020-08-05 00:00:00",831404,
"2020-08-06 00:00:00",853520,
"2020-08-07 00:00:00",932283,
"2020-08-08 00:00:00",843194,
"2020-08-09 00:00:00",853039,
"2020-08-10 00:00:00",893174,
"2020-08-11 00:00:00",899024,
"2020-08-12 00:00:00",884995,
"2020-08-13 00:00:00",876966,
"2020-08-14 00:00:00",875455,
"2020-08-15 00:00:00",854792,
"2020-08-16 00:00:00",877467,
"2020-08-17 00:00:00",868256,
"2020-08-18 00:00:00",874622,
"2020-08-19 00:00:00",876088,
"2020-08-20 00:00:00",896082,
"2020-08-21 00:00:00",880736,
"2020-08-22 00:00:00",872493,
"2020-08-23 00:00:00",900146,
"2020-08-24 00:00:00",853676,
"2020-08-25 00:00:00",870124,
"2020-08-26 00:00:00",908704,
"2020-08-27 00:00:00",887323,
"2020-08-28 00:00:00",898136,
"2020-08-29 00:00:00",884184,
"2020-08-30 00:00:00",906097,
"2020-08-31 00:00:00",888439,
"2020-09-01 00:00:00",831180,
"2020-09-02 00:00:00",835468,
"2020-09-03 00:00:00",838798,
"2020-09-04 00:00:00",893954,
"2020-09-05 00:00:00",915371,
"2020-09-06 00:00:00",921436,
"2020-09-07 00:00:00",868058,
"2020-09-08 00:00:00",881428,
"2020-09-09 00:00:00",874879,
"2020-09-10 00:00:00",883198,
"2020-09-11 00:00:00",949174,
"2020-09-12 00:00:00",980879,
"2020-09-13 00:00:00",945582,
"2020-09-14 00:00:00",877018,
"2020-09-15 00:00:00",862722,
"2020-09-16 00:00:00",838981,
"2020-09-17 00:00:00",875989,
"2020-09-18 00:00:00",933914,
"2020-09-19 00:00:00",957983,
"2020-09-20 00:00:00",927416,
"2020-09-21 00:00:00",842803,
"2020-09-22 00:00:00",842089,
"2020-09-23 00:00:00",856608,
"2020-09-24 00:00:00",830111,
"2020-09-25 00:00:00",899225,
"2020-09-26 00:00:00",892015,
"2020-09-27 00:00:00",888767,
"2020-09-28 00:00:00",809850,
"2020-09-29 00:00:00",820539,
"2020-09-30 00:00:00",858784,
"2020-10-01 00:00:00",789179,
"2020-10-02 00:00:00",870763,
"2020-10-03 00:00:00",883089,
"2020-10-04 00:00:00",904380,
"2020-10-05 00:00:00",845419,
"2020-10-06 00:00:00",828380,
"2020-10-07 00:00:00",844690,
"2020-10-08 00:00:00",825650,
"2020-10-09 00:00:00",879815,
"2020-10-10 00:00:00",927161,
"2020-10-11 00:00:00",890485,
"2020-10-12 00:00:00",823765,
"2020-10-13 00:00:00",841109,
"2020-10-14 00:00:00",867616,
"2020-10-15 00:00:00",811378,
"2020-10-16 00:00:00",921298,
"2020-10-17 00:00:00",945280,
"2020-10-18 00:00:00",942901,
"2020-10-19 00:00:00",841530,
"2020-10-20 00:00:00",853447,
"2020-10-21 00:00:00",851483,
"2020-10-22 00:00:00",869057,
"2020-10-23 00:00:00",906202,
"2020-10-24 00:00:00",943740,
"2020-10-25 00:00:00",926943,
"2020-10-26 00:00:00",870425,
"2020-10-27 00:00:00",868925,
"2020-10-28 00:00:00",894422,
"2020-10-29 00:00:00",903157,
"2020-10-30 00:00:00",951748,
"2020-10-31 00:00:00",923784,
"2020-11-01 00:00:00",938972,
"2020-11-02 00:00:00",865559,
"2020-11-03 00:00:00",892234,
"2020-11-04 00:00:00",915539,
"2020-11-05 00:00:00",900839,
"2020-11-06 00:00:00",966137,
"2020-11-07 00:00:00",988989,
"2020-11-08 00:00:00",972546,
"2020-11-09 00:00:00",891145,
"2020-11-10 00:00:00",902533,
"2020-11-11 00:00:00",892001,
"2020-11-12 00:00:00",885755,
"2020-11-13 00:00:00",980079,
"2020-11-14 00:00:00",1011452,
"2020-11-15 00:00:00",993613,
"2020-11-16 00:00:00",910911,
"2020-11-17 00:00:00",925392,
"2020-11-18 00:00:00",926887,
"2020-11-19 00:00:00",907302,
"2020-11-20 00:00:00",1027398,
"2020-11-21 00:00:00",1040051,
"2020-11-22 00:00:00",1029560,
"2020-11-23 00:00:00",935172,
"2020-11-24 00:00:00",928674,
"2020-11-25 00:00:00",907850,
"2020-11-26 00:00:00",925227,
"2020-11-27 00:00:00",957979,
"2020-11-28 00:00:00",1032509,
"2020-11-29 00:00:00",998892,
"2020-11-30 00:00:00",911943,
"2020-12-01 00:00:00",901058,
"2020-12-02 00:00:00",906912,
"2020-12-03 00:00:00",918924,
"2020-12-04 00:00:00",1168240,
"2020-12-05 00:00:00",1169661,
"2020-12-06 00:00:00",1129059,
"2020-12-07 00:00:00",1013570,
"2020-12-08 00:00:00",985934,
"2020-12-09 00:00:00",1008334,
"2020-12-10 00:00:00",925996,
"2020-12-11 00:00:00",971683,
"2020-12-12 00:00:00",1089094,
"2020-12-13 00:00:00",1062017,
"2020-12-14 00:00:00",968998,
"2020-12-15 00:00:00",956429,
"2020-12-16 00:00:00",980020,
"2020-12-17 00:00:00",973337,
"2020-12-18 00:00:00",1023525,
"2020-12-19 00:00:00",1078252,
"2020-12-20 00:00:00",1045197,
"2020-12-21 00:00:00",977794,
"2020-12-22 00:00:00",969469,
"2020-12-23 00:00:00",1015643,
"2020-12-24 00:00:00",977827,
"2020-12-25 00:00:00",1020927,
"2020-12-26 00:00:00",1086537,
"2020-12-27 00:00:00",1067109,
"2020-12-28 00:00:00",1033854,
"2020-12-29 00:00:00",1033375,
"2020-12-30 00:00:00",1056057,
"2020-12-31 00:00:00",982583,
"2021-01-01 00:00:00",1020715,
"2021-01-02 00:00:00",1079804,
"2021-01-03 00:00:00",1067795,
"2021-01-04 00:00:00",1047477,
"2021-01-05 00:00:00",1049455,
"2021-01-06 00:00:00",1072613,
"2021-01-07 00:00:00",1054597,
"2021-01-08 00:00:00",1051904,
"2021-01-09 00:00:00",1071693,
"2021-01-10 00:00:00",1062232,
"2021-01-11 00:00:00",991280,
"2021-01-12 00:00:00",995788,
"2021-01-13 00:00:00",998932,
"2021-01-14 00:00:00",985870,
"2021-01-15 00:00:00",1018160,
"2021-01-16 00:00:00",1079783,
"2021-01-17 00:00:00",1080127,
"2021-01-18 00:00:00",987532,
"2021-01-19 00:00:00",986711,
"2021-01-20 00:00:00",1013052,
"2021-01-21 00:00:00",1012235,
"2021-01-22 00:00:00",1060724,
"2021-01-23 00:00:00",1107826,
"2021-01-24 00:00:00",1118387,
"2021-01-25 00:00:00",1016356,
"2021-01-26 00:00:00",1018800,
"2021-01-27 00:00:00",1043216,
"2021-01-28 00:00:00",1053503,
"2021-01-29 00:00:00",1076999,
"2021-01-30 00:00:00",1115786,
"2021-01-31 00:00:00",1125411,
"2021-02-01 00:00:00",1027088,
"2021-02-02 00:00:00",1008757,
"2021-02-03 00:00:00",1029603,
"2021-02-04 00:00:00",1013800,
"2021-02-05 00:00:00",1039577,
"2021-02-06 00:00:00",1075574,
"2021-02-07 00:00:00",1119604,
"2021-02-08 00:00:00",1020802,
"2021-02-09 00:00:00",1020303,
"2021-02-10 00:00:00",1029544,
"2021-02-11 00:00:00",1036074,
"2021-02-12 00:00:00",1051602,
"2021-02-13 00:00:00",1045646,
"2021-02-14 00:00:00",1036840,
"2021-02-15 00:00:00",1030571,
"2021-02-16 00:00:00",1049741,
"2021-02-17 00:00:00",1061470,
"2021-02-18 00:00:00",1054605,
"2021-02-19 00:00:00",1070445,
"2021-02-20 00:00:00",1109654,
"2021-02-21 00:00:00",1118611,
"2021-02-22 00:00:00",1094706,
"2021-02-23 00:00:00",1070591,
"2021-02-24 00:00:00",1053941,
"2021-02-25 00:00:00",1046663,
"2021-02-26 00:00:00",1054435,
"2021-02-27 00:00:00",1125838,
"2021-02-28 00:00:00",1111889,
"2021-03-01 00:00:00",1023120,
"2021-03-02 00:00:00",1003860,
"2021-03-03 00:00:00",1028293,
"2021-03-04 00:00:00",1036729,
"2021-03-05 00:00:00",1131887,
"2021-03-06 00:00:00",1168536,
"2021-03-07 00:00:00",1158039,
"2021-03-08 00:00:00",1106575,
"2021-03-09 00:00:00",1059727,
"2021-03-10 00:00:00",1082860,
"2021-03-11 00:00:00",1093173,
"2021-03-12 00:00:00",1172585,
"2021-03-13 00:00:00",1201993,
"2021-03-14 00:00:00",1178958,
"2021-03-15 00:00:00",1061596,
"2021-03-16 00:00:00",1053151,
"2021-03-17 00:00:00",1108228,
"2021-03-18 00:00:00",1097727,
"2021-03-19 00:00:00",1144971,
"2021-03-20 00:00:00",1186105,
"2021-03-21 00:00:00",1181114,
"2021-03-22 00:00:00",1094711,
"2021-03-23 00:00:00",1093322,
"2021-03-24 00:00:00",1073382,
"2021-03-25 00:00:00",1073766,
"2021-03-26 00:00:00",1117310,
"2021-03-27 00:00:00",1124240,
"2021-03-28 00:00:00",1122312,
"2021-03-29 00:00:00",1046706,
"2021-03-30 00:00:00",1036758,
"2021-03-31 00:00:00",1033211,
"2021-04-01 00:00:00",1053509,
"2021-04-02 00:00:00",1110758,
"2021-04-03 00:00:00",1138311,
"2021-04-04 00:00:00",1150982,
"2021-04-05 00:00:00",1096738,
"2021-04-06 00:00:00",1085149,
"2021-04-07 00:00:00",1070209,
"2021-04-08 00:00:00",1079320,
"2021-04-09 00:00:00",1129251,
"2021-04-10 00:00:00",1145336,
"2021-04-11 00:00:00",1101657,
"2021-04-12 00:00:00",1030824,
"2021-04-13 00:00:00",1032624,
"2021-04-14 00:00:00",959823,
"2021-04-15 00:00:00",1048821,
"2021-04-16 00:00:00",1112625,
"2021-04-17 00:00:00",1122110,
"2021-04-18 00:00:00",1088805,
"2021-04-19 00:00:00",1005473,
"2021-04-20 00:00:00",1009295,
"2021-04-21 00:00:00",1015810,
"2021-04-22 00:00:00",1020824,
"2021-04-23 00:00:00",1127729,
"2021-04-24 00:00:00",1102251,
"2021-04-25 00:00:00",1115863,
"2021-04-26 00:00:00",1012853,
"2021-04-27 00:00:00",1025198,
"2021-04-28 00:00:00",992049,
"2021-04-29 00:00:00",972781,
"2021-04-30 00:00:00",1022875,
"2021-05-01 00:00:00",952439,
"2021-05-02 00:00:00",977703,
"2021-05-03 00:00:00",988108,
"2021-05-04 00:00:00",1088168,
"2021-05-05 00:00:00",1040111,
"2021-05-06 00:00:00",1016313,
"2021-05-07 00:00:00",978012,
"2021-05-08 00:00:00",1029897,
"2021-05-09 00:00:00",981130,
"2021-05-10 00:00:00",968851,
"2021-05-11 00:00:00",943235,
"2021-05-12 00:00:00",964303,
"2021-05-13 00:00:00",986626,
"2021-05-14 00:00:00",1006940,
"2021-05-15 00:00:00",1030227,
"2021-05-16 00:00:00",1020628,
"2021-05-17 00:00:00",918526,
"2021-05-18 00:00:00",926647,
"2021-05-19 00:00:00",935159,
"2021-05-20 00:00:00",937617,
"2021-05-21 00:00:00",953534,
"2021-05-22 00:00:00",998970,
"2021-05-23 00:00:00",963175,
"2021-05-24 00:00:00",931911,
"2021-05-25 00:00:00",914002,
"2021-05-26 00:00:00",935117,
"2021-05-27 00:00:00",933185,
"2021-05-28 00:00:00",940497,
"2021-05-29 00:00:00",970800,
"2021-05-30 00:00:00",956249,
"2021-05-31 00:00:00",898663,
"2021-06-01 00:00:00",892929,
"2021-06-02 00:00:00",910117,
"2021-06-03 00:00:00",929940,
"2021-06-04 00:00:00",918403,
"2021-06-05 00:00:00",891795,
"2021-06-06 00:00:00",890085,
"2021-06-07 00:00:00",836590,
"2021-06-08 00:00:00",819509,
"2021-06-09 00:00:00",837448,
"2021-06-10 00:00:00",843785,
"2021-06-11 00:00:00",833109,
"2021-06-12 00:00:00",828350,
"2021-06-13 00:00:00",852807,
"2021-06-14 00:00:00",803038,
"2021-06-15 00:00:00",788472,
"2021-06-16 00:00:00",775388,
"2021-06-17 00:00:00",773086,
"2021-06-18 00:00:00",824114,
"2021-06-19 00:00:00",775987,
"2021-06-20 00:00:00",806350,
"2021-06-21 00:00:00",791727,
"2021-06-22 00:00:00",788748,
"2021-06-23 00:00:00",772009,
"2021-06-24 00:00:00",789025,
"2021-06-25 00:00:00",797678,
"2021-06-26 00:00:00",782173,
"2021-06-27 00:00:00",769535,
"2021-06-28 00:00:00",748956,
"2021-06-29 00:00:00",754001,
"2021-06-30 00:00:00",758774,
"2021-07-01 00:00:00",756820,
"2021-07-02 00:00:00",763249,
"2021-07-03 00:00:00",766510,
"2021-07-04 00:00:00",758622,
"2021-07-05 00:00:00",751053,
"2021-07-06 00:00:00",730528,
"2021-07-07 00:00:00",739924,
"2021-07-08 00:00:00",721844,
"2021-07-09 00:00:00",699940,
"2021-07-10 00:00:00",717506,
"2021-07-11 00:00:00",737835,
"2021-07-12 00:00:00",727427,
"2021-07-13 00:00:00",732964,
"2021-07-14 00:00:00",721986,
"2021-07-15 00:00:00",719045,
"2021-07-16 00:00:00",716694,
"2021-07-17 00:00:00",722621,
"2021-07-18 00:00:00",739355,
"2021-07-19 00:00:00",733470,
"2021-07-20 00:00:00",729240,
"2021-07-21 00:00:00",727854,
"2021-07-22 00:00:00",722573,
"2021-07-23 00:00:00",735572,
"2021-07-24 00:00:00",728882,
"2021-07-25 00:00:00",752672,
"2021-07-26 00:00:00",729177,
"2021-07-27 00:00:00",724546,
"2021-07-28 00:00:00",731578,
"2021-07-29 00:00:00",735700,
"2021-07-30 00:00:00",735589,
"2021-07-31 00:00:00",737865,
"2021-08-01 00:00:00",730208,
"2021-08-02 00:00:00",735987,
"2021-08-03 00:00:00",733646,
"2021-08-04 00:00:00",746905,
"2021-08-05 00:00:00",739455,
"2021-08-06 00:00:00",758084,
"2021-08-07 00:00:00",759183,
"2021-08-08 00:00:00",778303,
"2021-08-09 00:00:00",741799,
"2021-08-10 00:00:00",741606,
"2021-08-11 00:00:00",742259,
"2021-08-12 00:00:00",736536,
"2021-08-13 00:00:00",726366,
"2021-08-14 00:00:00",727424,
"2021-08-15 00:00:00",766406,
"2021-08-16 00:00:00",739473,
"2021-08-17 00:00:00",736982,
"2021-08-18 00:00:00",747855,
"2021-08-19 00:00:00",751249,
"2021-08-20 00:00:00",754472,
"2021-08-21 00:00:00",765017,
"2021-08-22 00:00:00",781459,
"2021-08-23 00:00:00",760504,
"2021-08-24 00:00:00",762306,
"2021-08-25 00:00:00",761705,
"2021-08-26 00:00:00",772924,
"2021-08-27 00:00:00",772319,
"2021-08-28 00:00:00",769218,
"2021-08-29 00:00:00",804133,
"2021-08-30 00:00:00",780285,
"2021-08-31 00:00:00",763104,
"2021-09-01 00:00:00",741011,
"2021-09-02 00:00:00",719796,
"2021-09-03 00:00:00",768149,
"2021-09-04 00:00:00",815090,
"2021-09-05 00:00:00",799078,
"2021-09-06 00:00:00",733141,
"2021-09-07 00:00:00",726125,
"2021-09-08 00:00:00",726141,
"2021-09-09 00:00:00",722206,
"2021-09-10 00:00:00",774125,
"2021-09-11 00:00:00",822506,
"2021-09-12 00:00:00",803251,
"2021-09-13 00:00:00",740533,
"2021-09-14 00:00:00",742765,
"2021-09-15 00:00:00",746009,
"2021-09-16 00:00:00",769913,
"2021-09-17 00:00:00",793807,
"2021-09-18 00:00:00",866697,
"2021-09-19 00:00:00",889242,
"2021-09-20 00:00:00",805124,
"2021-09-21 00:00:00",752135,
"2021-09-22 00:00:00",949817,
"2021-09-23 00:00:00",875772,
"2021-09-24 00:00:00",913367,
"2021-09-25 00:00:00",895908,
"2021-09-26 00:00:00",873386,
"2021-09-27 00:00:00",775285,
"2021-09-28 00:00:00",757827,
"2021-09-29 00:00:00",801358,
"2021-09-30 00:00:00",821019,
"2021-10-01 00:00:00",812501,
"2021-10-02 00:00:00",832243,
"2021-10-03 00:00:00",866030,
"2021-10-04 00:00:00",777988,
"2021-10-05 00:00:00",789100,
"2021-10-06 00:00:00",798637,
"2021-10-07 00:00:00",761673,
"2021-10-08 00:00:00",759077,
"2021-10-09 00:00:00",851986,
"2021-10-10 00:00:00",826577,
"2021-10-11 00:00:00",715717,
"2021-10-12 00:00:00",703559,
"2021-10-13 00:00:00",735500,
"2021-10-14 00:00:00",739776,
"2021-10-15 00:00:00",787298,
"2021-10-16 00:00:00",817181,
"2021-10-17 00:00:00",763733,
"2021-10-18 00:00:00",684589,
"2021-10-19 00:00:00",696380,
"2021-10-20 00:00:00",721991,
"2021-10-21 00:00:00",716013,
"2021-10-22 00:00:00",794754,
"2021-10-23 00:00:00",822157,
"2021-10-24 00:00:00",803183,
"2021-10-25 00:00:00",713094,
"2021-10-26 00:00:00",750923,
"2021-10-27 00:00:00",770805,
"2021-10-28 00:00:00",749557,
"2021-10-29 00:00:00",850162,
"2021-10-30 00:00:00",842336,
"2021-10-31 00:00:00",799451,
"2021-11-01 00:00:00",781083,
"2021-11-02 00:00:00",790510,
"2021-11-03 00:00:00",810291,
"2021-11-04 00:00:00",791542,
"2021-11-05 00:00:00",854228,
"2021-11-06 00:00:00",796715,
"2021-11-07 00:00:00",878192,
"2021-11-08 00:00:00",775266,
"2021-11-09 00:00:00",763398,
"2021-11-10 00:00:00",777281,
"2021-11-11 00:00:00",770276,
"2021-11-12 00:00:00",857244,
"2021-11-13 00:00:00",904117,
"2021-11-14 00:00:00",870591,
"2021-11-15 00:00:00",761068,
"2021-11-16 00:00:00",746214,
"2021-11-17 00:00:00",815502,
"2021-11-18 00:00:00",811481,
"2021-11-19 00:00:00",862191,
"2021-11-20 00:00:00",944330,
"2021-11-21 00:00:00",880722,
"2021-11-22 00:00:00",772757,
"2021-11-23 00:00:00",778520,
"2021-11-24 00:00:00",787463,
"2021-11-25 00:00:00",775470,
"2021-11-26 00:00:00",873301,
"2021-11-27 00:00:00",941571,
"2021-11-28 00:00:00",915791,
"2021-11-29 00:00:00",801498,
"2021-11-30 00:00:00",812826,
"2021-12-01 00:00:00",830006,
"2021-12-02 00:00:00",735739,
"2021-12-03 00:00:00",876314,
"2021-12-04 00:00:00",935232,
"2021-12-05 00:00:00",950586,
"2021-12-06 00:00:00",802622,
"2021-12-07 00:00:00",808506,
"2021-12-08 00:00:00",825641,
"2021-12-09 00:00:00",810138,
"2021-12-10 00:00:00",886487,
"2021-12-11 00:00:00",938618,
"2021-12-12 00:00:00",887983,
"2021-12-13 00:00:00",773226,
"2021-12-14 00:00:00",783556,
"2021-12-15 00:00:00",731836,
"2021-12-16 00:00:00",743366,
"2021-12-17 00:00:00",807333,
"2021-12-18 00:00:00",905816,
"2021-12-19 00:00:00",802709,
"2021-12-20 00:00:00",760785,
"2021-12-21 00:00:00",801759,
"2021-12-22 00:00:00",795569,
"2021-12-23 00:00:00",765477,
"2021-12-24 00:00:00",842137,
"2021-12-25 00:00:00",822397,
"2021-12-26 00:00:00",795472,
"2021-12-27 00:00:00",782192,
"2021-12-28 00:00:00",784752,
"2021-12-29 00:00:00",811521,
"2021-12-30 00:00:00",804141,
"2021-12-31 00:00:00",779880,
"2022-01-01 00:00:00",798402,
"2022-01-02 00:00:00",867147,
"2022-01-03 00:00:00",802899,
"2022-01-04 00:00:00",804344,
"2022-01-05 00:00:00",803469,
"2022-01-06 00:00:00",797182,
"2022-01-07 00:00:00",830034,
"2022-01-08 00:00:00",869250,
"2022-01-09 00:00:00",881051,
"2022-01-10 00:00:00",745151,
"2022-01-11 00:00:00",783116,
"2022-01-12 00:00:00",730785,
"2022-01-13 00:00:00",759311,
"2022-01-14 00:00:00",819812,
"2022-01-15 00:00:00",890445,
"2022-01-16 00:00:00",906996,
"2022-01-17 00:00:00",792579,
"2022-01-18 00:00:00",797267,
"2022-01-19 00:00:00",812721,
"2022-01-20 00:00:00",825195,
"2022-01-21 00:00:00",952320,
"2022-01-22 00:00:00",983565,
"2022-01-23 00:00:00",992455,
"2022-01-24 00:00:00",897652,
"2022-01-25 00:00:00",896113,
"2022-01-26 00:00:00",899565,
"2022-01-27 00:00:00",911275,
"2022-01-28 00:00:00",913875,
"2022-01-29 00:00:00",958585,
"2022-01-30 00:00:00",969791,
"2022-01-31 00:00:00",872819,
"2022-02-01 00:00:00",867099,
"2022-02-02 00:00:00",851602,
"2022-02-03 00:00:00",855215,
"2022-02-04 00:00:00",892056,
"2022-02-05 00:00:00",930346,
"2022-02-06 00:00:00",964971,
"2022-02-07 00:00:00",892332,
"2022-02-08 00:00:00",897336,
"2022-02-09 00:00:00",907026,
"2022-02-10 00:00:00",912317,
"2022-02-11 00:00:00",933423,
"2022-02-12 00:00:00",959550,
"2022-02-13 00:00:00",989793,
"2022-02-14 00:00:00",848698,
"2022-02-15 00:00:00",866853,
"2022-02-16 00:00:00",860331,
"2022-02-17 00:00:00",858437,
"2022-02-18 00:00:00",895336,
"2022-02-19 00:00:00",979369,
"2022-02-20 00:00:00",979085,
"2022-02-21 00:00:00",867644,
"2022-02-22 00:00:00",886195,
"2022-02-23 00:00:00",898714,
"2022-02-24 00:00:00",840791,
"2022-02-25 00:00:00",904216,
"2022-02-26 00:00:00",982577,
"2022-02-27 00:00:00",997730,
"2022-02-28 00:00:00",870951,
"2022-03-01 00:00:00",878083,
"2022-03-02 00:00:00",865411,
"2022-03-03 00:00:00",833370,
"2022-03-04 00:00:00",921636,
"2022-03-05 00:00:00",992082,
"2022-03-06 00:00:00",963573,
"2022-03-07 00:00:00",846631,
"2022-03-08 00:00:00",852533,
"2022-03-09 00:00:00",823266,
"2022-03-10 00:00:00",837396,
"2022-03-11 00:00:00",933990,
"2022-03-12 00:00:00",993808,
"2022-03-13 00:00:00",970574,
"2022-03-14 00:00:00",837287,
"2022-03-15 00:00:00",833236,
"2022-03-16 00:00:00",819213,
"2022-03-17 00:00:00",865219,
"2022-03-18 00:00:00",929397,
"2022-03-19 00:00:00",992661,
"2022-03-20 00:00:00",961741,
"2022-03-21 00:00:00",859106,
"2022-03-22 00:00:00",862378,
"2022-03-23 00:00:00",861039,
"2022-03-24 00:00:00",867249,
"2022-03-25 00:00:00",930974,
"2022-03-26 00:00:00",988497,
"2022-03-27 00:00:00",974648,
"2022-03-28 00:00:00",860604,
"2022-03-29 00:00:00",845448,
"2022-03-30 00:00:00",834647,
"2022-03-31 00:00:00",857775,
"2022-04-01 00:00:00",907091,
"2022-04-02 00:00:00",988925,
"2022-04-03 00:00:00",1016762,
"2022-04-04 00:00:00",889897,
"2022-04-05 00:00:00",837758,
"2022-04-06 00:00:00",831510,
"2022-04-07 00:00:00",823134,
"2022-04-08 00:00:00",890740,
"2022-04-09 00:00:00",953968,
"2022-04-10 00:00:00",944287,
"2022-04-11 00:00:00",831263,
"2022-04-12 00:00:00",863370,
"2022-04-13 00:00:00",851853,
"2022-04-14 00:00:00",852106,
"2022-04-15 00:00:00",949209,
"2022-04-16 00:00:00",914970,
"2022-04-17 00:00:00",910203,
"2022-04-18 00:00:00",850323,
"2022-04-19 00:00:00",822907,
"2022-04-20 00:00:00",839444,
"2022-04-21 00:00:00",836345,
"2022-04-22 00:00:00",891414,
"2022-04-23 00:00:00",904636,
"2022-04-24 00:00:00",896548,
"2022-04-25 00:00:00",844499,
"2022-04-26 00:00:00",800360,
"2022-04-27 00:00:00",829757,
"2022-04-28 00:00:00",842477,
"2022-04-29 00:00:00",867334,
"2022-04-30 00:00:00",902768,
"2022-05-01 00:00:00",896132,
"2022-05-02 00:00:00",864464,
"2022-05-03 00:00:00",876108,
"2022-05-04 00:00:00",820351,
"2022-05-05 00:00:00",816955,
"2022-05-06 00:00:00",814973,
"2022-05-07 00:00:00",903568,
"2022-05-08 00:00:00",884024,
"2022-05-09 00:00:00",815555,
"2022-05-10 00:00:00",814410,
"2022-05-11 00:00:00",807177,
"2022-05-12 00:00:00",801251,
"2022-05-13 00:00:00",826123,
"2022-05-14 00:00:00",817740,
"2022-05-15 00:00:00",833411,
"2022-05-16 00:00:00",786069,
"2022-05-17 00:00:00",799740,
"2022-05-18 00:00:00",832306,
"2022-05-19 00:00:00",835022,
"2022-05-20 00:00:00",815825,
"2022-05-21 00:00:00",875790,
"2022-05-22 00:00:00",875257,
"2022-05-23 00:00:00",833705,
"2022-05-24 00:00:00",799406,
"2022-05-25 00:00:00",823253,
"2022-05-26 00:00:00",858965,
"2022-05-27 00:00:00",914368,
"2022-05-28 00:00:00",932681,
"2022-05-29 00:00:00",886821,
"2022-05-30 00:00:00",823790,
"2022-05-31 00:00:00",835938,
"2022-06-01 00:00:00",809755,
"2022-06-02 00:00:00",857481,
"2022-06-03 00:00:00",844840,
"2022-06-04 00:00:00",873635,
"2022-06-05 00:00:00",884564,
"2022-06-06 00:00:00",854341,
"2022-06-07 00:00:00",836077,
"2022-06-08 00:00:00",830607,
"2022-06-09 00:00:00",812338,
"2022-06-10 00:00:00",878625,
"2022-06-11 00:00:00",902934,
"2022-06-12 00:00:00",887863,
"2022-06-13 00:00:00",840048,
"2022-06-14 00:00:00",830677,
"2022-06-15 00:00:00",787131,
"2022-06-16 00:00:00",815691,
"2022-06-17 00:00:00",874841,
"2022-06-18 00:00:00",888644,
"2022-06-19 00:00:00",906968,
"2022-06-20 00:00:00",872130,
"2022-06-21 00:00:00",868270,
"2022-06-22 00:00:00",860313,
"2022-06-23 00:00:00",820734,
"2022-06-24 00:00:00",818548,
"2022-06-25 00:00:00",833198,
"2022-06-26 00:00:00",855647,
"2022-06-27 00:00:00",817909,
"2022-06-28 00:00:00",812268,
"2022-06-29 00:00:00",798738,
"2022-06-30 00:00:00",808462,
"2022-07-01 00:00:00",821872,
"2022-07-02 00:00:00",901496,
"2022-07-03 00:00:00",881860,
"2022-07-04 00:00:00",841259,
"2022-07-05 00:00:00",829798,
"2022-07-06 00:00:00",842990,
"2022-07-07 00:00:00",839525,
"2022-07-08 00:00:00",829474,
"2022-07-09 00:00:00",841238,
"2022-07-10 00:00:00",864271,
"2022-07-11 00:00:00",845782,
"2022-07-12 00:00:00",848298,
"2022-07-13 00:00:00",831308,
"2022-07-14 00:00:00",838217,
"2022-07-15 00:00:00",824655,
"2022-07-16 00:00:00",825424,
"2022-07-17 00:00:00",881284,
"2022-07-18 00:00:00",876251,
"2022-07-19 00:00:00",874214,
"2022-07-20 00:00:00",857109,
"2022-07-21 00:00:00",864113,
"2022-07-22 00:00:00",896012,
"2022-07-23 00:00:00",877675,
"2022-07-24 00:00:00",895357,
"2022-07-25 00:00:00",885085,
"2022-07-26 00:00:00",887220,
"2022-07-27 00:00:00",886328,
"2022-07-28 00:00:00",900249,
"2022-07-29 00:00:00",891072,
"2022-07-30 00:00:00",894774,
"2022-07-31 00:00:00",928329,
"2022-08-01 00:00:00",889822,
"2022-08-02 00:00:00",927907,
"2022-08-03 00:00:00",906948,
"2022-08-04 00:00:00",881757,
"2022-08-05 00:00:00",910838,
"2022-08-06 00:00:00",904151,
"2022-08-07 00:00:00",936670,
"2022-08-08 00:00:00",919166,
"2022-08-09 00:00:00",713107,
"2022-08-10 00:00:00",882486,
"2022-08-11 00:00:00",886021,
"2022-08-12 00:00:00",884195,
"2022-08-13 00:00:00",895423,
"2022-08-14 00:00:00",925109,
"2022-08-15 00:00:00",909721,
"2022-08-16 00:00:00",936431,
"2022-08-17 00:00:00",1039889,
"2022-08-18 00:00:00",987884,
"2022-08-19 00:00:00",976632,
"2022-08-20 00:00:00",999043,
"2022-08-21 00:00:00",1010603,
"2022-08-22 00:00:00",986054,
"2022-08-23 00:00:00",991521,
"2022-08-24 00:00:00",964145,
"2022-08-25 00:00:00",958536,
"2022-08-26 00:00:00",947881,
"2022-08-27 00:00:00",966390,
"2022-08-28 00:00:00",1025980,
"2022-08-29 00:00:00",1013093,
"2022-08-30 00:00:00",993654,
"2022-08-31 00:00:00",980503,
"2022-09-01 00:00:00",960712,
"2022-09-02 00:00:00",993276,
"2022-09-03 00:00:00",1029453,
"2022-09-04 00:00:00",1035897,
"2022-09-05 00:00:00",950916,
"2022-09-06 00:00:00",941706,
"2022-09-07 00:00:00",939398,
"2022-09-08 00:00:00",938845,
"2022-09-09 00:00:00",1016382,
"2022-09-10 00:00:00",1029224,
"2022-09-11 00:00:00",1062931,
"2022-09-12 00:00:00",943540,
"2022-09-13 00:00:00",932805,
"2022-09-14 00:00:00",941634,
"2022-09-15 00:00:00",948562,
"2022-09-16 00:00:00",1030797,
"2022-09-17 00:00:00",1103223,
"2022-09-18 00:00:00",1077583,
"2022-09-19 00:00:00",967100,
"2022-09-20 00:00:00",938549,
"2022-09-21 00:00:00",937102,
"2022-09-22 00:00:00",933443,
"2022-09-23 00:00:00",997564,610643
"2022-09-24 00:00:00",1066689,684377
"2022-09-25 00:00:00",1029255,658538
"2022-09-26 00:00:00",921864,560719
"2022-09-27 00:00:00",925270,556254
"2022-09-28 00:00:00",909753,552227
"2022-09-29 00:00:00",921840,563848
"2022-09-30 00:00:00",993507,618822
"2022-10-01 00:00:00",1024497,693124
"2022-10-02 00:00:00",1049806,688837
"2022-10-03 00:00:00",975115,627915
"2022-10-04 00:00:00",956481,605834
"2022-10-05 00:00:00",966040,606947
"2022-10-06 00:00:00",947347,598249
"2022-10-07 00:00:00",954774,611230
"2022-10-08 00:00:00",989650,627955
"2022-10-09 00:00:00",1007712,617919
"2022-10-10 00:00:00",921957,563654
"2022-10-11 00:00:00",918764,547490
"2022-10-12 00:00:00",910096,545161
"2022-10-13 00:00:00",915953,540973
"2022-10-14 00:00:00",996018,599013
"2022-10-15 00:00:00",1035036,664917
"2022-10-16 00:00:00",998179,640877
"2022-10-17 00:00:00",921393,548853
"2022-10-18 00:00:00",920633,548990
"2022-10-19 00:00:00",935161,564599
"2022-10-20 00:00:00",949319,575317
"2022-10-21 00:00:00",1017700,618210
"2022-10-22 00:00:00",1090858,688873
"2022-10-23 00:00:00",1050184,674838
"2022-10-24 00:00:00",956805,584957
"2022-10-25 00:00:00",951850,581415
"2022-10-26 00:00:00",944075,564248
"2022-10-27 00:00:00",974044,579658
"2022-10-28 00:00:00",1027004,628793
"2022-10-29 00:00:00",1036937,671332
"2022-10-30 00:00:00",1020617,660936
"2022-10-31 00:00:00",922970,577754
"2022-11-01 00:00:00",942968,585263
"2022-11-02 00:00:00",932946,582136
"2022-11-03 00:00:00",945721,595162
"2022-11-04 00:00:00",1045002,658674
"2022-11-05 00:00:00",1076999,693196
"2022-11-06 00:00:00",1051449,674189
"2022-11-07 00:00:00",930818,586114
"2022-11-08 00:00:00",949775,584440
"2022-11-09 00:00:00",956606,586782
"2022-11-10 00:00:00",948412,567670
"2022-11-11 00:00:00",1040817,633687
"2022-11-12 00:00:00",1105409,708622
"2022-11-13 00:00:00",1103567,704381
"2022-11-14 00:00:00",962564,592657
"2022-11-15 00:00:00",980062,593145
"2022-11-16 00:00:00",948658,562887
"2022-11-17 00:00:00",959421,576887
"2022-11-18 00:00:00",1045988,650366
"2022-11-19 00:00:00",1132952,732316
"2022-11-20 00:00:00",1079232,696015
"2022-11-21 00:00:00",881434,601966
"2022-11-22 00:00:00",956040,592985
"2022-11-23 00:00:00",853328,580032
"2022-11-24 00:00:00",861593,572549
"2022-11-25 00:00:00",981008,629045
"2022-11-26 00:00:00",1053250,704696
"2022-11-27 00:00:00",1041487,663596
"2022-11-28 00:00:00",925029,591172
"2022-11-29 00:00:00",936314,592100
"2022-11-30 00:00:00",930612,572001
"2022-12-01 00:00:00",912225,578714
"2022-12-02 00:00:00",992543,632267
"2022-12-03 00:00:00",1067327,700944
"2022-12-04 00:00:00",1050857,678663
"2022-12-05 00:00:00",921228,571347
"2022-12-06 00:00:00",729765,540140
"2022-12-07 00:00:00",919652,592391
"2022-12-08 00:00:00",894986,585208
"2022-12-09 00:00:00",938776,600558
"2022-12-10 00:00:00",1001231,656157
"2022-12-11 00:00:00",972857,651542
"2022-12-12 00:00:00",856206,579380
"2022-12-13 00:00:00",852245,575957
"2022-12-14 00:00:00",857848,559341
"2022-12-15 00:00:00",865205,578675
"2022-12-16 00:00:00",916129,625511
"2022-12-17 00:00:00",970767,662250
"2022-12-18 00:00:00",996584,641351
"2022-12-19 00:00:00",870627,595830
"2022-12-20 00:00:00",879829,600828
"2022-12-21 00:00:00",900135,610114
"2022-12-22 00:00:00",923641,641231
"2022-12-23 00:00:00",952527,666254
"2022-12-24 00:00:00",980649,667773
"2022-12-25 00:00:00",961107,653337
"2022-12-26 00:00:00",935407,650363
"2022-12-27 00:00:00",932387,655206
"2022-12-28 00:00:00",973174,678600
"2022-12-29 00:00:00",979704,682568
"2022-12-30 00:00:00",1011922,707879
"2022-12-31 00:00:00",950459,663924
"2023-01-01 00:00:00",969910,675696
"2023-01-02 00:00:00",997255,702234
"2023-01-03 00:00:00",998290,688809
"2023-01-04 00:00:00",1018520,697290
"2023-01-05 00:00:00",1000680,693185
"2023-01-06 00:00:00",1066254,708740
"2023-01-07 00:00:00",1088544,750961
"2023-01-08 00:00:00",1133708,754917
"2023-01-09 00:00:00",1049338,723331
"2023-01-10 00:00:00",1089371,737753
"2023-01-11 00:00:00",1050932,691963
"2023-01-12 00:00:00",994121,677683
"2023-01-13 00:00:00",1026134,700714
"2023-01-14 00:00:00",1084042,746360
"2023-01-15 00:00:00",1125630,754234
"2023-01-16 00:00:00",949073,662489
"2023-01-17 00:00:00",996052,690587
"2023-01-18 00:00:00",974806,678761
"2023-01-19 00:00:00",988367,699060
"2023-01-20 00:00:00",997149,719542
"2023-01-21 00:00:00",1005266,744742
"2023-01-22 00:00:00",1090554,776063
"2023-01-23 00:00:00",970396,710158
"2023-01-24 00:00:00",998693,728175
"2023-01-25 00:00:00",1002360,719097
"2023-01-26 00:00:00",1033959,740002
"2023-01-27 00:00:00",1072984,764087
"2023-01-28 00:00:00",1150643,813596
"2023-01-29 00:00:00",1200077,821765
"2023-01-30 00:00:00",1074059,758702
"2023-01-31 00:00:00",1091825,751620
"2023-02-01 00:00:00",1070455,740573
"2023-02-02 00:00:00",1115945,774577
"2023-02-03 00:00:00",1123605,782793
"2023-02-04 00:00:00",1218863,869706
"2023-02-05 00:00:00",1250740,852865
"2023-02-06 00:00:00",1101798,763902
"2023-02-07 00:00:00",1090329,746627
"2023-02-08 00:00:00",1103009,742617
"2023-02-09 00:00:00",1101682,750526
"2023-02-10 00:00:00",1275074,871169
"2023-02-11 00:00:00",1320219,911460
"2023-02-12 00:00:00",1299983,871467
"2023-02-13 00:00:00",1170750,779669
"2023-02-14 00:00:00",1120722,737329
"2023-02-15 00:00:00",1162649,749327
"2023-02-16 00:00:00",1167926,748871
"2023-02-17 00:00:00",1237913,815300
"2023-02-18 00:00:00",1316929,874161
"2023-02-19 00:00:00",1324800,874817
"2023-02-20 00:00:00",1200370,767616
"2023-02-21 00:00:00",1222001,774024
"2023-02-22 00:00:00",1237108,782716
"2023-02-23 00:00:00",1255789,802649
"2023-02-24 00:00:00",1295397,840331
"2023-02-25 00:00:00",1349390,910498
"2023-02-26 00:00:00",1355797,881070
"2023-02-27 00:00:00",1189343,749893
"2023-02-28 00:00:00",1218697,749434
"2023-03-01 00:00:00",1211398,734763
"2023-03-02 00:00:00",1219977,759967
"2023-03-03 00:00:00",1279192,813977
"2023-03-04 00:00:00",1365274,912437
"2023-03-05 00:00:00",1378447,900935
"2023-03-06 00:00:00",1216801,766127
"2023-03-07 00:00:00",1246598,779845
"2023-03-08 00:00:00",1251723,767797
"2023-03-09 00:00:00",1272100,775984
"2023-03-10 00:00:00",1342214,861156
"2023-03-11 00:00:00",1420183,948816
"2023-03-12 00:00:00",1410348,924108
"2023-03-13 00:00:00",1255606,784679
"2023-03-14 00:00:00",1256684,775579
"2023-03-15 00:00:00",1254108,759242
"2023-03-16 00:00:00",1277046,785477
"2023-03-17 00:00:00",1326562,830925
"2023-03-18 00:00:00",1379598,937911
"2023-03-19 00:00:00",1363586,901227
"2023-03-20 00:00:00",1250196,778758
"2023-03-21 00:00:00",1255930,776421
"2023-03-22 00:00:00",1288691,824273
"2023-03-23 00:00:00",1404115,885595
"2023-03-24 00:00:00",1415826,904283
"2023-03-25 00:00:00",1507212,1024694
"2023-03-26 00:00:00",1519457,994836
"2023-03-27 00:00:00",1362176,854395
"2023-03-28 00:00:00",1402070,852673
"2023-03-29 00:00:00",1347642,810355
"2023-03-30 00:00:00",1375866,822168
"2023-03-31 00:00:00",1427632,882565
"2023-04-01 00:00:00",1476961,1013328
"2023-04-02 00:00:00",1511946,996345
"2023-04-03 00:00:00",1397017,865835
"2023-04-04 00:00:00",1449552,896691
"2023-04-05 00:00:00",1381271,926891
"2023-04-06 00:00:00",1419084,893633
"2023-04-07 00:00:00",1459519,950948
"2023-04-08 00:00:00",1448795,998518
"2023-04-09 00:00:00",1393830,962258
"2023-04-10 00:00:00",1411321,879664
"2023-04-11 00:00:00",1369609,848384
"2023-04-12 00:00:00",1365336,811962
"2023-04-13 00:00:00",1369354,807924
"2023-04-14 00:00:00",1491992,924051
"2023-04-15 00:00:00",1514410,1038333
"2023-04-16 00:00:00",1487327,1008915
"2023-04-17 00:00:00",1379517,862953
"2023-04-18 00:00:00",1392057,856722
"2023-04-19 00:00:00",1409711,866672
"2023-04-20 00:00:00",1400005,840301
"2023-04-21 00:00:00",1457137,916593
"2023-04-22 00:00:00",1447888,974298
"2023-04-23 00:00:00",1492061,942155
"2023-04-24 00:00:00",1397249,865622
"2023-04-25 00:00:00",1458950,901693
"2023-04-26 00:00:00",1375872,838989
"2023-04-27 00:00:00",1365255,874480
"2023-04-28 00:00:00",1351441,935357
"2023-04-29 00:00:00",1337968,1002908
"2023-04-30 00:00:00",1438597,1076400
"2023-05-01 00:00:00",1456155,1071296
"2023-05-02 00:00:00",1364238,980688
"2023-05-03 00:00:00",1463272,949101
"2023-05-04 00:00:00",1486111,939901
"2023-05-05 00:00:00",1557335,1039355
"2023-05-06 00:00:00",1818773,1247750
"2023-05-07 00:00:00",1804106,1286555
"2023-05-08 00:00:00",1756413,1197272
"2023-05-09 00:00:00",1739486,1153450
"2023-05-10 00:00:00",1739961,1158902
"2023-05-11 00:00:00",1736895,1162702
"2023-05-12 00:00:00",1785902,1208121
"2023-05-13 00:00:00",1759286,1306150
"2023-05-14 00:00:00",1755997,1288984
"2023-05-15 00:00:00",1653050,1157639
"2023-05-16 00:00:00",1718018,1126862
"2023-05-17 00:00:00",1729209,1159686
"2023-05-18 00:00:00",1647193,1157097
"2023-05-19 00:00:00",1710424,1205565
"2023-05-20 00:00:00",1670185,1281208
"2023-05-21 00:00:00",1721980,1267892
"2023-05-22 00:00:00",1686119,1070128
"2023-05-23 00:00:00",1725850,1118549
"2023-05-24 00:00:00",1681693,1051032
"2023-05-25 00:00:00",1451829,998461
"2023-05-26 00:00:00",1477893,1032447
"2023-05-27 00:00:00",1473425,1082176
"2023-05-28 00:00:00",1450426,1034564
"2023-05-29 00:00:00",1462950,944887
"2023-05-30 00:00:00",1419313,962614
"2023-05-31 00:00:00",1401031,968287
"2023-06-01 00:00:00",1343329,971204
"2023-06-02 00:00:00",1467207,1022747
"2023-06-03 00:00:00",1463722,1094579
"2023-06-04 00:00:00",1610423,1151975
"2023-06-05 00:00:00",1494648,1122229
"2023-06-06 00:00:00",1541716,1094189
"2023-06-07 00:00:00",1564875,1109191
"2023-06-08 00:00:00",1661663,1218225
"2023-06-09 00:00:00",1673717,1248650
"2023-06-10 00:00:00",1616238,1254990
"2023-06-11 00:00:00",1565127,1182914
"2023-06-12 00:00:00",1541543,1127795
"2023-06-13 00:00:00",1457653,1044876
"2023-06-14 00:00:00",1452362,1070342
"2023-06-15 00:00:00",1488731,1108853
"2023-06-16 00:00:00",1527247,1062126
"2023-06-17 00:00:00",1550615,1197511
"2023-06-18 00:00:00",1529825,1166065
"2023-06-19 00:00:00",1449803,1091550
"2023-06-20 00:00:00",1442260,1055674
"2023-06-21 00:00:00",1516475,1096870
"2023-06-22 00:00:00",1470109,1129043
"2023-06-23 00:00:00",1434072,1096778
"2023-06-24 00:00:00",1448228,1104511
"2023-06-25 00:00:00",1445136,1064009
"2023-06-26 00:00:00",1401751,977039
"2023-06-27 00:00:00",1453177,996514
"2023-06-28 00:00:00",1175525,920105
"2023-06-29 00:00:00",1160720,866089
"2023-06-30 00:00:00",1218748,914375
"2023-07-01 00:00:00",1229115,939671
"2023-07-02 00:00:00",1226527,937449
"2023-07-03 00:00:00",1183652,882837
"2023-07-04 00:00:00",1170509,889042
"2023-07-05 00:00:00",1182637,896660
"2023-07-06 00:00:00",1166169,884948
"2023-07-07 00:00:00",1180836,896470
"2023-07-08 00:00:00",1190186,926758
"2023-07-09 00:00:00",1160572,914592
"2023-07-10 00:00:00",1116339,859594
"2023-07-11 00:00:00",1145971,858282
"2023-07-12 00:00:00",1109865,810109
"2023-07-13 00:00:00",1079556,812347
"2023-07-14 00:00:00",1083053,818209
"2023-07-15 00:00:00",1154497,877262
"2023-07-16 00:00:00",1179205,928938
"2023-07-17 00:00:00",1143639,894951
"2023-07-18 00:00:00",1143205,862417
"2023-07-19 00:00:00",1147030,879415
"2023-07-20 00:00:00",1092158,841953
"2023-07-21 00:00:00",1180188,891849
"2023-07-22 00:00:00",1180493,895399
"2023-07-23 00:00:00",1200792,923424
"2023-07-24 00:00:00",1152959,876704
"2023-07-25 00:00:00",1164352,851699
"2023-07-26 00:00:00",1155810,822666
"2023-07-27 00:00:00",1142685,854028
"2023-07-28 00:00:00",1175999,887601
"2023-07-29 00:00:00",1175966,908255
"2023-07-30 00:00:00",1198103,922792
"2023-07-31 00:00:00",1143291,869529
"2023-08-01 00:00:00",1152051,847519
"2023-08-02 00:00:00",1161160,872618
"2023-08-03 00:00:00",1194185,881507
"2023-08-04 00:00:00",1164780,891804
"2023-08-05 00:00:00",1174119,910879
"2023-08-06 00:00:00",1217170,935813
"2023-08-07 00:00:00",1203266,911020
"2023-08-08 00:00:00",1212073,877528
"2023-08-09 00:00:00",1175387,863183
"2023-08-10 00:00:00",1183550,898325
"2023-08-11 00:00:00",1168883,852094
"2023-08-12 00:00:00",1219495,935787
"2023-08-13 00:00:00",1258559,973806
"2023-08-14 00:00:00",1210922,929790
"2023-08-15 00:00:00",1199404,897668
"2023-08-16 00:00:00",1203324,895068
"2023-08-17 00:00:00",1275682,959378
"2023-08-18 00:00:00",1196966,934078
"2023-08-19 00:00:00",1256687,970770
"2023-08-20 00:00:00",1253677,971395
"2023-08-21 00:00:00",1210335,932901
"2023-08-22 00:00:00",1210960,886527
"2023-08-23 00:00:00",1235378,914853
"2023-08-24 00:00:00",1292907,967622
"2023-08-25 00:00:00",1293495,975081
"2023-08-26 00:00:00",1297365,989362
"2023-08-27 00:00:00",1369511,1022732
"2023-08-28 00:00:00",1264878,928297
"2023-08-29 00:00:00",1251061,891932
"2023-08-30 00:00:00",1333931,933133
"2023-08-31 00:00:00",1256209,921206
"2023-09-01 00:00:00",1539504,1078026
"2023-09-02 00:00:00",1560435,1156051
"2023-09-03 00:00:00",1520172,1131319
"2023-09-04 00:00:00",1435725,1029529
"2023-09-05 00:00:00",1397954,1008059
"2023-09-06 00:00:00",1466865,1025330
"2023-09-07 00:00:00",1422726,957712
"2023-09-08 00:00:00",1423571,1015607
"2023-09-09 00:00:00",1451390,1086871
"2023-09-10 00:00:00",1445675,1056139
"2023-09-11 00:00:00",1314021,936678
"2023-09-12 00:00:00",1295198,872840
"2023-09-13 00:00:00",1289042,874532
"2023-09-14 00:00:00",1332642,917048
"2023-09-15 00:00:00",1292697,914673
"2023-09-16 00:00:00",1390726,979164
"2023-09-17 00:00:00",1371281,1015860
"2023-09-18 00:00:00",1297256,913530
"2023-09-19 00:00:00",1279756,868271
"2023-09-20 00:00:00",1323625,894827
"2023-09-21 00:00:00",1289306,892111
"2023-09-22 00:00:00",1361977,964830
"2023-09-23 00:00:00",1410713,1024864
"2023-09-24 00:00:00",1361281,995964
"2023-09-25 00:00:00",1285148,916197
"2023-09-26 00:00:00",1257138,868408
"2023-09-27 00:00:00",1265615,873929
"2023-09-28 00:00:00",1471730,1130002
"2023-09-29 00:00:00",1316293,953181
"2023-09-30 00:00:00",1343011,1008261
"2023-10-01 00:00:00",1364939,995750
"2023-10-02 00:00:00",1192249,872446
"2023-10-03 00:00:00",1172696,831214
"2023-10-04 00:00:00",1184759,822666
"2023-10-05 00:00:00",1213265,842761
"2023-10-06 00:00:00",1269893,856335
"2023-10-07 00:00:00",1367458,893352
"2023-10-08 00:00:00",1392488,895984
"2023-10-09 00:00:00",1223144,773790
"2023-10-10 00:00:00",1187497,741960
"2023-10-11 00:00:00",1237516,765445
"2023-10-12 00:00:00",1307637,801780
"2023-10-13 00:00:00",1197785,804284
"2023-10-14 00:00:00",1277728,876302
"2023-10-15 00:00:00",1239472,850063
"2023-10-16 00:00:00",1139418,758485
"2023-10-17 00:00:00",1135102,750807
"2023-10-18 00:00:00",1140349,710617
"2023-10-19 00:00:00",1131833,716389
"2023-10-20 00:00:00",1149045,744712
"2023-10-21 00:00:00",1231067,821286
"2023-10-22 00:00:00",1233070,822227
"2023-10-23 00:00:00",1081987,707073
"2023-10-24 00:00:00",1090661,699310
"2023-10-25 00:00:00",1122355,706108
"2023-10-26 00:00:00",1108860,718911
"2023-10-27 00:00:00",1176034,782875
"2023-10-28 00:00:00",1185158,825522
"2023-10-29 00:00:00",1167615,804142
"2023-10-30 00:00:00",1070271,713452
"2023-10-31 00:00:00",1083905,707637
"2023-11-01 00:00:00",1145239,750768
"2023-11-02 00:00:00",1115470,745240
"2023-11-03 00:00:00",1121269,761050
"2023-11-04 00:00:00",1155396,810956
"2023-11-05 00:00:00",1163388,802132
"2023-11-06 00:00:00",1088579,700192
"2023-11-07 00:00:00",1061133,675136
"2023-11-08 00:00:00",1090264,699476
"2023-11-09 00:00:00",1100060,711148
"2023-11-10 00:00:00",1092487,752277
"2023-11-11 00:00:00",1114019,771977
"2023-11-12 00:00:00",1116644,756643
"2023-11-13 00:00:00",994907,649743
"2023-11-14 00:00:00",1008193,647568
"2023-11-15 00:00:00",1043494,647925
"2023-11-16 00:00:00",1025004,647856
"2023-11-17 00:00:00",1043274,673997
"2023-11-18 00:00:00",1119291,758539
"2023-11-19 00:00:00",1132853,762757
"2023-11-20 00:00:00",1026453,670200
"2023-11-21 00:00:00",1007683,637087
"2023-11-22 00:00:00",1063084,695154
"2023-11-23 00:00:00",1040369,685444
"2023-11-24 00:00:00",1047992,709770
"2023-11-25 00:00:00",1105882,771469
"2023-11-26 00:00:00",1117998,760717
"2023-11-27 00:00:00",1019260,682000
"2023-11-28 00:00:00",1040602,681801
"2023-11-29 00:00:00",1096170,693818
"2023-11-30 00:00:00",1115011,721229
"2023-12-01 00:00:00",1140158,720268
"2023-12-02 00:00:00",1216605,824043
"2023-12-03 00:00:00",1204982,822330
"2023-12-04 00:00:00",1084687,714662
"2023-12-05 00:00:00",1100896,716282
"2023-12-06 00:00:00",1144691,733383
"2023-12-07 00:00:00",1157934,751038
"2023-12-08 00:00:00",1171636,783183
"2023-12-09 00:00:00",1209268,844073
"2023-12-10 00:00:00",1177137,803195
"2023-12-11 00:00:00",1078130,702341
"2023-12-12 00:00:00",1079191,687908
"2023-12-13 00:00:00",1097253,678389
"2023-12-14 00:00:00",1072494,675163
"2023-12-15 00:00:00",1113135,748819
"2023-12-16 00:00:00",1154194,778677
"2023-12-17 00:00:00",1131621,771351
"2023-12-18 00:00:00",1062354,699399
"2023-12-19 00:00:00",1063384,686751
"2023-12-20 00:00:00",1125401,718333
"2023-12-21 00:00:00",1139270,764236
"2023-12-22 00:00:00",1178990,798338
"2023-12-23 00:00:00",1209675,845642
"2023-12-24 00:00:00",1130663,780131
"2023-12-25 00:00:00",1162508,775427
"2023-12-26 00:00:00",1096332,798566
"2023-12-27 00:00:00",1154391,843996
"2023-12-28 00:00:00",1255172,870827
"2023-12-29 00:00:00",1223737,879731
"2023-12-30 00:00:00",1197377,855823
"2023-12-31 00:00:00",1228232,799634
"2024-01-01 00:00:00",1156016,844875
"2024-01-02 00:00:00",1177113,845129
"2024-01-03 00:00:00",1213489,858008
"2024-01-04 00:00:00",1180618,904167
"2024-01-05 00:00:00",1216344,879872
"2024-01-06 00:00:00",1312422,926630
"2024-01-07 00:00:00",1210796,888133
"2024-01-08 00:00:00",1125293,807527
"2024-01-09 00:00:00",1097180,792179
"2024-01-10 00:00:00",1120666,800645
"2024-01-11 00:00:00",1113956,809524
"2024-01-12 00:00:00",1155068,846657
"2024-01-13 00:00:00",1174312,875830
"2024-01-14 00:00:00",1155457,882443
"2024-01-15 00:00:00",1015672,763772
"2024-01-16 00:00:00",1034920,756840
"2024-01-17 00:00:00",983865,654363
"2024-01-18 00:00:00",947863,668840
"2024-01-19 00:00:00",981239,680890
"2024-01-20 00:00:00",1003394,716960
"2024-01-21 00:00:00",1008813,710912
"2024-01-22 00:00:00",874727,622762
"2024-01-23 00:00:00",868187,614030
"2024-01-24 00:00:00",944712,647473
"2024-01-25 00:00:00",959501,682419
"2024-01-26 00:00:00",939403,668017
"2024-01-27 00:00:00",984175,713191
"2024-01-28 00:00:00",1017356,717344
"2024-01-29 00:00:00",953444,671755
"2024-01-30 00:00:00",938210,659368
"2024-01-31 00:00:00",988269,667736
"2024-02-01 00:00:00",962041,693823
"2024-02-02 00:00:00",959924,705580
"2024-02-03 00:00:00",1018977,734788
"2024-02-04 00:00:00",1097956,765829
"2024-02-05 00:00:00",977681,710716
"2024-02-06 00:00:00",960732,697378
"2024-02-07 00:00:00",1086164,756547
"2024-02-08 00:00:00",1018492,742456
"2024-02-09 00:00:00",929532,701720
"2024-02-10 00:00:00",1019582,765336
"2024-02-11 00:00:00",1092995,780432
"2024-02-12 00:00:00",1006600,757422
"2024-02-13 00:00:00",1021875,752531
"2024-02-14 00:00:00",1077783,741468
"2024-02-15 00:00:00",1088271,775033
"2024-02-16 00:00:00",1114321,807391
"2024-02-17 00:00:00",1227043,895119
"2024-02-18 00:00:00",1282516,893790
"2024-02-19 00:00:00",1134401,825534
"2024-02-20 00:00:00",1130995,800695
"2024-02-21 00:00:00",1212422,822469
"2024-02-22 00:00:00",1236270,858044
"2024-02-23 00:00:00",1235393,862369
"2024-02-24 00:00:00",1260109,898539
"2024-02-25 00:00:00",1345776,908902
"2024-02-26 00:00:00",1245530,813658
"2024-02-27 00:00:00",1237154,800300
"2024-02-28 00:00:00",1347519,818994
"2024-02-29 00:00:00",1294403,813396
"2024-03-01 00:00:00",1403250,898887
"2024-03-02 00:00:00",1474396,984880
"2024-03-03 00:00:00",1497245,958469
"2024-03-04 00:00:00",1384618,833171
"2024-03-05 00:00:00",1364426,789849
"2024-03-06 00:00:00",1436893,819210
"2024-03-07 00:00:00",1457077,879663
"2024-03-08 00:00:00",1481977,939954
"2024-03-09 00:00:00",1525069,1002104
"2024-03-10 00:00:00",1491648,950433
"2024-03-11 00:00:00",1369331,802447
"2024-03-12 00:00:00",1365799,771240
"2024-03-13 00:00:00",1461951,827070
"2024-03-14 00:00:00",1447897,853499
"2024-03-15 00:00:00",1474990,933805
"2024-03-16 00:00:00",1490175,975944
"2024-03-17 00:00:00",1425033,918411
"2024-03-18 00:00:00",1322133,787399
"2024-03-19 00:00:00",1344997,781165
"2024-03-20 00:00:00",1438958,850501
"2024-03-21 00:00:00",1365713,841552
"2024-03-22 00:00:00",1443875,882189
"2024-03-23 00:00:00",1520809,991991
"2024-03-24 00:00:00",1521796,975768
"2024-03-25 00:00:00",1399331,843853
"2024-03-26 00:00:00",1395971,812820
"2024-03-27 00:00:00",1491977,888822
"2024-03-28 00:00:00",1449131,891200
"2024-03-29 00:00:00",1518402,959137
"2024-03-30 00:00:00",1510291,1001719
"2024-03-31 00:00:00",1484422,961552
"2024-04-01 00:00:00",1491700,877997
"2024-04-02 00:00:00",1456925,853148
"2024-04-03 00:00:00",1501510,901439
"2024-04-04 00:00:00",1424575,969157
"2024-04-05 00:00:00",1446495,985233
"2024-04-06 00:00:00",1519645,999180
"2024-04-07 00:00:00",1618685,971738
"2024-04-08 00:00:00",1505107,881468
"2024-04-09 00:00:00",1490672,830757
"2024-04-10 00:00:00",1589632,914625
"2024-04-11 00:00:00",1517906,885764
"2024-04-12 00:00:00",1579906,961422
"2024-04-13 00:00:00",1588811,1038580
"2024-04-14 00:00:00",1582155,998125
"2024-04-15 00:00:00",1445606,858059
"2024-04-16 00:00:00",1468403,842617
"2024-04-17 00:00:00",1536960,881702
"2024-04-18 00:00:00",1538737,931245
"2024-04-19 00:00:00",1583500,994096
"2024-04-20 00:00:00",1608680,1045619
"2024-04-21 00:00:00",1607953,1021209
"2024-04-22 00:00:00",1462605,873670
"2024-04-23 00:00:00",1474866,849721
"2024-04-24 00:00:00",1566469,918629
"2024-04-25 00:00:00",1519073,931632
"2024-04-26 00:00:00",1573465,967154
"2024-04-27 00:00:00",1486555,986069
"2024-04-28 00:00:00",1553740,954159
"2024-04-29 00:00:00",1471091,901400
"2024-04-30 00:00:00",1420875,916704
"2024-05-01 00:00:00",1402421,962451
"2024-05-02 00:00:00",1263426,890148
"2024-05-03 00:00:00",1318201,920460
"2024-05-04 00:00:00",1434522,997504
"2024-05-05 00:00:00",1541718,1002431
"2024-05-06 00:00:00",1531973,936744
"2024-05-07 00:00:00",1505089,908734
"2024-05-08 00:00:00",1578395,932854
"2024-05-09 00:00:00",1577860,962341
"2024-05-10 00:00:00",1565302,974954
"2024-05-11 00:00:00",1631616,1041846
"2024-05-12 00:00:00",1591724,1033227
"2024-05-13 00:00:00",1493967,911287
"2024-05-14 00:00:00",1474621,869011
"2024-05-15 00:00:00",1541113,916111
"2024-05-16 00:00:00",1499223,943340
"2024-05-17 00:00:00",1527573,993388
"2024-05-18 00:00:00",1536647,1049953
"2024-05-19 00:00:00",1486955,1002367
"2024-05-20 00:00:00",1367226,864236
"2024-05-21 00:00:00",1379931,837265
"2024-05-22 00:00:00",1491906,928080
"2024-05-23 00:00:00",1406795,908763
"2024-05-24 00:00:00",1470222,911296
"2024-05-25 00:00:00",1552116,1062614
"2024-05-26 00:00:00",1572094,1080127
"2024-05-27 00:00:00",1510630,994404
"2024-05-28 00:00:00",1487428,954753
"2024-05-29 00:00:00",1543247,958622
"2024-05-30 00:00:00",1465460,943982
"2024-05-31 00:00:00",1516238,973635
"2024-06-01 00:00:00",1495229,1013704
"2024-06-02 00:00:00",1482059,988815
"2024-06-03 00:00:00",1386955,881728
"2024-06-04 00:00:00",1429362,863467
"2024-06-05 00:00:00",1516060,937786
"2024-06-06 00:00:00",1453038,928490
"2024-06-07 00:00:00",1427586,960476
"2024-06-08 00:00:00",1436812,1009485
"2024-06-09 00:00:00",1505450,1034201
"2024-06-10 00:00:00",1424754,976204
"2024-06-11 00:00:00",1436682,918137
"2024-06-12 00:00:00",1435278,916522
"2024-06-13 00:00:00",1437125,939851
"2024-06-14 00:00:00",1487036,973397
"2024-06-15 00:00:00",1525896,1043259
"2024-06-16 00:00:00",1490399,1024703
"2024-06-17 00:00:00",1476253,967530
"2024-06-18 00:00:00",1454546,919773
"2024-06-19 00:00:00",1448469,922440
"2024-06-20 00:00:00",1432050,922309
"2024-06-21 00:00:00",1455003,939046
"2024-06-22 00:00:00",1450662,983778
"2024-06-23 00:00:00",1424599,951551
"2024-06-24 00:00:00",1394136,895260
"2024-06-25 00:00:00",1371119,871873
"2024-06-26 00:00:00",1400365,891591
"2024-06-27 00:00:00",1359253,882791
"2024-06-28 00:00:00",1393679,925491
"2024-06-29 00:00:00",1378414,955108
"2024-06-30 00:00:00",1331887,933207
"2024-07-01 00:00:00",1250233,841797
"2024-07-02 00:00:00",1252139,834127
"2024-07-03 00:00:00",1297828,883389
"2024-07-04 00:00:00",1264526,881065
"2024-07-05 00:00:00",1270554,882051
"2024-07-06 00:00:00",1285101,913561
"2024-07-07 00:00:00",1296522,923816
"2024-07-08 00:00:00",1230162,848005
"2024-07-09 00:00:00",1217932,854629
"2024-07-10 00:00:00",1262818,858421
"2024-07-11 00:00:00",1232574,860943
"2024-07-12 00:00:00",1213528,833522
"2024-07-13 00:00:00",1249292,897695
"2024-07-14 00:00:00",1276702,895949
"2024-07-15 00:00:00",1225370,845278
"2024-07-16 00:00:00",1221507,833695
"2024-07-17 00:00:00",1263684,863331
"2024-07-18 00:00:00",1239650,839505
"2024-07-19 00:00:00",1247262,881021
"2024-07-20 00:00:00",1262274,910331
"2024-07-21 00:00:00",1294446,914901
"2024-07-22 00:00:00",1242131,862273
"2024-07-23 00:00:00",1255924,844380
"2024-07-24 00:00:00",1327120,886117
"2024-07-25 00:00:00",1313419,900664
"2024-07-26 00:00:00",1283034,856449
"2024-07-27 00:00:00",1316491,927509
"2024-07-28 00:00:00",1347502,933633
"2024-07-29 00:00:00",1276869,880148
"2024-07-30 00:00:00",1269932,854160
"2024-07-31 00:00:00",1250560,877914
"2024-08-01 00:00:00",1303244,892386
"2024-08-02 00:00:00",1268934,886890
"2024-08-03 00:00:00",1273227,911803
"2024-08-04 00:00:00",1323086,936313
"2024-08-05 00:00:00",1243206,870700
"2024-08-06 00:00:00",1250645,852040
"2024-08-07 00:00:00",1309558,859995
"2024-08-08 00:00:00",1281191,886539
"2024-08-09 00:00:00",1266979,895968
"2024-08-10 00:00:00",1262700,929150
"2024-08-11 00:00:00",1334176,945332
"2024-08-12 00:00:00",1280074,885236
"2024-08-13 00:00:00",1277883,864801
"2024-08-14 00:00:00",1327873,873188
"2024-08-15 00:00:00",1280812,840220
"2024-08-16 00:00:00",1292977,878473
"2024-08-17 00:00:00",1346479,948110
"2024-08-18 00:00:00",1426478,968977
"2024-08-19 00:00:00",1368431,940451
"2024-08-20 00:00:00",1275540,882144
"2024-08-21 00:00:00",1313376,889677
"2024-08-22 00:00:00",1292063,898724
"2024-08-23 00:00:00",1291711,919637
"2024-08-24 00:00:00",1190471,856219
"2024-08-25 00:00:00",1350929,922800
"2024-08-26 00:00:00",1305855,891194
"2024-08-27 00:00:00",1302356,888666
"2024-08-28 00:00:00",1354604,882715
"2024-08-29 00:00:00",1312759,875193
"2024-08-30 00:00:00",1344645,900262
"2024-08-31 00:00:00",1382290,940863
"2024-09-01 00:00:00",1385110,915853
"2024-09-02 00:00:00",1298226,806426
"2024-09-03 00:00:00",1307869,782185
"2024-09-04 00:00:00",1374040,819365
"2024-09-05 00:00:00",1367779,828237
"2024-09-06 00:00:00",1395045,882703
"2024-09-07 00:00:00",1442034,943407
"2024-09-08 00:00:00",1468368,931622
"2024-09-09 00:00:00",1374818,826793
"2024-09-10 00:00:00",1323574,791358
"2024-09-11 00:00:00",1373950,798746
"2024-09-12 00:00:00",1354079,773982
"2024-09-13 00:00:00",1361817,811531
"2024-09-14 00:00:00",1446461,879939
"2024-09-15 00:00:00",1433661,929926
"2024-09-16 00:00:00",1363703,888088
"2024-09-17 00:00:00",1339206,842112
"2024-09-18 00:00:00",1363419,783556
"2024-09-19 00:00:00",1377496,793771
"2024-09-20 00:00:00",1420588,845531
"2024-09-21 00:00:00",1482529,921757
"2024-09-22 00:00:00",1459492,889443
"2024-09-23 00:00:00",1329523,768878
"2024-09-24 00:00:00",1357992,767957
"2024-09-25 00:00:00",1351361,757872
"2024-09-26 00:00:00",1272447,751444
"2024-09-27 00:00:00",1349267,779819
"2024-09-28 00:00:00",1357219,868696
"2024-09-29 00:00:00",1394403,856779
"2024-09-30 00:00:00",1302455,825022
"2024-10-01 00:00:00",1194809,797336
"2024-10-02 00:00:00",1223139,806173
"2024-10-03 00:00:00",1331212,909176
"2024-10-04 00:00:00",1322412,914727
"2024-10-05 00:00:00",1363110,930841
"2024-10-06 00:00:00",1462028,951701
"2024-10-07 00:00:00",1363872,871285
"2024-10-08 00:00:00",1400121,797844
"2024-10-09 00:00:00",1395317,795065
"2024-10-10 00:00:00",1346127,765864
"2024-10-11 00:00:00",1368886,770745
"2024-10-12 00:00:00",1498661,868995
"2024-10-13 00:00:00",1457406,888933
"2024-10-14 00:00:00",1354676,783854
"2024-10-15 00:00:00",1346206,763029
"2024-10-16 00:00:00",1371919,766895
"2024-10-17 00:00:00",1351930,782987
"2024-10-18 00:00:00",1395611,850003
"2024-10-19 00:00:00",1439170,929836
"2024-10-20 00:00:00",1444182,903375
"2024-10-21 00:00:00",1359117,795915
"2024-10-22 00:00:00",1366235,794927
"2024-10-23 00:00:00",1406747,811866
"2024-10-24 00:00:00",1347182,797205
"2024-10-25 00:00:00",1378151,823536
"2024-10-26 00:00:00",1387676,891505
"2024-10-27 00:00:00",1359073,867435
"2024-10-28 00:00:00",1294521,770745
"2024-10-29 00:00:00",1283825,757256
"2024-10-30 00:00:00",1297738,769764
"2024-10-31 00:00:00",1285335,777442
"2024-11-01 00:00:00",1328946,807311
"2024-11-02 00:00:00",1281517,858547
"2024-11-03 00:00:00",1406484,860865
"2024-11-04 00:00:00",1330043,771617
"2024-11-05 00:00:00",1294016,743342
"2024-11-06 00:00:00",1328386,742433
"2024-11-07 00:00:00",1257239,723189
"2024-11-08 00:00:00",1363972,815452
"2024-11-09 00:00:00",1407640,903500
"2024-11-10 00:00:00",1410855,871194
"2024-11-11 00:00:00",1351875,790087
"2024-11-12 00:00:00",1361289,787592
"2024-11-13 00:00:00",1377242,758486
"2024-11-14 00:00:00",1426228,823537
"2024-11-15 00:00:00",1458551,887100
"2024-11-16 00:00:00",1515593,962409
"2024-11-17 00:00:00",1520108,931055
"2024-11-18 00:00:00",1407642,825191
"2024-11-19 00:00:00",1402450,825869
"2024-11-20 00:00:00",1472651,840068
"2024-11-21 00:00:00",1413790,838340
"2024-11-22 00:00:00",1461437,897405
"2024-11-23 00:00:00",1544831,984235
"2024-11-24 00:00:00",1509729,949543
"2024-11-25 00:00:00",1396001,823482
"2024-11-26 00:00:00",1421173,833443
"2024-11-27 00:00:00",1502132,860949
"2024-11-28 00:00:00",1468093,866932
"2024-11-29 00:00:00",1519524,936080
"2024-11-30 00:00:00",1562206,1018380
"2024-12-01 00:00:00",1504816,949506
"2024-12-02 00:00:00",1400885,811917
"2024-12-03 00:00:00",1409253,818130
"2024-12-04 00:00:00",1509212,897427
"2024-12-05 00:00:00",1466462,850512
"2024-12-06 00:00:00",1452858,860286
"2024-12-07 00:00:00",1579404,993826
"2024-12-08 00:00:00",1595470,970172
"2024-12-09 00:00:00",1460230,854227
"2024-12-10 00:00:00",1460550,850848
"2024-12-11 00:00:00",1527145,877258
"2024-12-12 00:00:00",1465724,819392
"2024-12-13 00:00:00",1526321,885451
"2024-12-14 00:00:00",1657562,980735
"2024-12-15 00:00:00",1740261,950750
"2024-12-16 00:00:00",1551739,876136
"2024-12-17 00:00:00",1540968,869920
"2024-12-18 00:00:00",1589645,883692
"2024-12-19 00:00:00",1585721,865593
"2024-12-20 00:00:00",1607321,948227
"2024-12-21 00:00:00",1642877,1021508
"2024-12-22 00:00:00",1644277,1003606
"2024-12-23 00:00:00",1538990,905764
"2024-12-24 00:00:00",1557307,904031
"2024-12-25 00:00:00",1605303,946891
"2024-12-26 00:00:00",1603329,944084
"2024-12-27 00:00:00",1626764,985277
"2024-12-28 00:00:00",1606682,1018135
"2024-12-29 00:00:00",1570715,987269
"2024-12-30 00:00:00",1513017,925284
"2024-12-31 00:00:00",1377913,872756
"2025-01-01 00:00:00",1463898,934191
"2025-01-02 00:00:00",1484390,904169
"2025-01-03 00:00:00",1570385,963139
"2025-01-04 00:00:00",1604641,1033897
"2025-01-05 00:00:00",1539232,1009861
"2025-01-06 00:00:00",1463868,930909
"2025-01-07 00:00:00",1391550,893084
"2025-01-08 00:00:00",1475839,923980
"2025-01-09 00:00:00",1370037,890864
"2025-01-10 00:00:00",1388160,910702
"2025-01-11 00:00:00",1489929,992046
"2025-01-12 00:00:00",1496558,979229
"2025-01-13 00:00:00",1332229,871881
"2025-01-14 00:00:00",1296535,855056
"2025-01-15 00:00:00",1374385,854155
"2025-01-16 00:00:00",1320308,856508
"2025-01-17 00:00:00",1352447,895675
"2025-01-18 00:00:00",1419675,956001
"2025-01-19 00:00:00",1468200,951518
"2025-01-20 00:00:00",1311540,862784
"2025-01-21 00:00:00",1309889,850767
"2025-01-22 00:00:00",1379229,880245
"2025-01-23 00:00:00",1350892,895182
"2025-01-24 00:00:00",1352579,920990
"2025-01-25 00:00:00",1451858,989075
"2025-01-26 00:00:00",1485840,978707
"2025-01-27 00:00:00",1270307,867211
"2025-01-28 00:00:00",1158622,805071
"2025-01-29 00:00:00",1269900,883119
"2025-01-30 00:00:00",1257798,883312
"2025-01-31 00:00:00",1303443,942093
"2025-02-01 00:00:00",1386275,1002005
"2025-02-02 00:00:00",1461496,1004756
"2025-02-03 00:00:00",1287653,899996
"2025-02-04 00:00:00",1326324,908855
"2025-02-05 00:00:00",1459288,970916
"2025-02-06 00:00:00",1441230,958778
"2025-02-07 00:00:00",1448632,985213
"2025-02-08 00:00:00",1568512,1043953
"2025-02-09 00:00:00",1610578,1042200
"2025-02-10 00:00:00",1429363,939466
"2025-02-11 00:00:00",1475047,953243
"2025-02-12 00:00:00",1522937,996888
"2025-02-13 00:00:00",1466877,948500
"2025-02-14 00:00:00",1476938,981775
"2025-02-15 00:00:00",1659634,1101952
"2025-02-16 00:00:00",1744015,1118432
"2025-02-17 00:00:00",1553490,980683
"2025-02-18 00:00:00",1580514,974437
"2025-02-19 00:00:00",1622938,1001788
"2025-02-20 00:00:00",1587732,999647
"2025-02-21 00:00:00",1629116,1048286
"2025-02-22 00:00:00",1734886,1145844
"2025-02-23 00:00:00",1788017,1126872
"2025-02-24 00:00:00",1613600,966252
"2025-02-25 00:00:00",1623619,963875
"2025-02-26 00:00:00",1702887,992453
"2025-02-27 00:00:00",1641349,983326
"2025-02-28 00:00:00",1720092,1050416
"2025-03-01 00:00:00",1789374,1155458
"2025-03-02 00:00:00",1751214,1095780
"2025-03-03 00:00:00",1578387,949460
"2025-03-04 00:00:00",1599941,942110
"2025-03-05 00:00:00",1726626,1007136
"2025-03-06 00:00:00",1649760,968640
"2025-03-07 00:00:00",1707845,1038450
"2025-03-08 00:00:00",1719838,1126452
"2025-03-09 00:00:00",1767686,1094717
"2025-03-10 00:00:00",1601186,940374
"2025-03-11 00:00:00",1615275,916562
"2025-03-12 00:00:00",1724278,977595
"2025-03-13 00:00:00",1671174,988442
"2025-03-14 00:00:00",1737935,1084826
"2025-03-15 00:00:00",1824989,1169272
"2025-03-16 00:00:00",1818519,1143373
"2025-03-17 00:00:00",1636653,981608
"2025-03-18 00:00:00",1643093,969976
"2025-03-19 00:00:00",1718439,1043301
"2025-03-20 00:00:00",1635608,988877
"2025-03-21 00:00:00",1731542,1049272
"2025-03-22 00:00:00",1816812,1190946
"2025-03-23 00:00:00",1814524,1172927
"2025-03-24 00:00:00",1624732,1004150
"2025-03-25 00:00:00",1667846,994671
"2025-03-26 00:00:00",1754642,1038489
"2025-03-27 00:00:00",1677940,1015856
"2025-03-28 00:00:00",1772677,1077290
"2025-03-29 00:00:00",1793802,1176801
"2025-03-30 00:00:00",1801715,1131788
"2025-03-31 00:00:00",1662732,975654
"2025-04-01 00:00:00",1781759,1031872
"2025-04-02 00:00:00",1811827,1074068
"2025-04-03 00:00:00",1690784,1045481
"2025-04-04 00:00:00",1623705,1086496
"2025-04-05 00:00:00",1686886,1133220
"2025-04-06 00:00:00",1808182,1132455
"2025-04-07 00:00:00",1651281,974057
"2025-04-08 00:00:00",1668227,964949
"2025-04-09 00:00:00",1809155,1049609
"2025-04-10 00:00:00",1690171,1015190
"2025-04-11 00:00:00",1813414,1103628
"2025-04-12 00:00:00",1862531,1206185
"2025-04-13 00:00:00",1748467,1119384
"2025-04-14 00:00:00",1591401,961861
"2025-04-15 00:00:00",1605063,954578
"2025-04-16 00:00:00",1776391,1030762
"2025-04-17 00:00:00",1653275,996778
"2025-04-18 00:00:00",1764151,1085858
"2025-04-19 00:00:00",1736813,1139242
"2025-04-20 00:00:00",1661919,1082439
"2025-04-21 00:00:00",1670281,995867
"2025-04-22 00:00:00",1625546,970918
"2025-04-23 00:00:00",1756874,1025250
"2025-04-24 00:00:00",1665339,999521
"2025-04-25 00:00:00",1776196,1097495
"2025-04-26 00:00:00",1758338,1158510
"2025-04-27 00:00:00",1772252,1070443
"2025-04-28 00:00:00",1590008,981297
"2025-04-29 00:00:00",1578375,973870
"2025-04-30 00:00:00",1620905,1059406
"2025-05-01 00:00:00",1489568,1068696
"2025-05-02 00:00:00",1426843,1036594
"2025-05-03 00:00:00",1439573,1052605
"2025-05-04 00:00:00",1578209,1082167
"2025-05-05 00:00:00",1506418,1000613
"2025-05-06 00:00:00",1545603,938088
"2025-05-07 00:00:00",1691216,1004042
"2025-05-08 00:00:00",1640423,1007915
"2025-05-09 00:00:00",1669491,1039636
"2025-05-10 00:00:00",1684061,1110052
"2025-05-11 00:00:00",1660219,1077590
"2025-05-12 00:00:00",1530261,961673
"2025-05-13 00:00:00",1548090,944643
"2025-05-14 00:00:00",1689405,1036779
"2025-05-15 00:00:00",1573711,1004026
"2025-05-16 00:00:00",1648396,1027904
"2025-05-17 00:00:00",1700038,1140179
"2025-05-18 00:00:00",1692016,1138679
"2025-05-19 00:00:00",1621288,1007437
"2025-05-20 00:00:00",1566374,978033
"2025-05-21 00:00:00",1663831,1032065
"2025-05-22 00:00:00",1654387,1036352
"2025-05-23 00:00:00",1719292,1085016
"2025-05-24 00:00:00",1722301,1152772
"2025-05-25 00:00:00",1691941,1120638
"2025-05-26 00:00:00",1571409,1006453
"2025-05-27 00:00:00",1606237,1007037
"2025-05-28 00:00:00",1692166,1055507
"2025-05-29 00:00:00",1636709,1022873
"2025-05-30 00:00:00",1631776,1054338
"2025-05-31 00:00:00",1547936,1082864
"2025-06-01 00:00:00",1578694,1083685
"2025-06-02 00:00:00",1497388,1010503
"2025-06-03 00:00:00",1543256,932491
"2025-06-04 00:00:00",1664047,1055420
"2025-06-05 00:00:00",1617900,1035466
"2025-06-06 00:00:00",1636311,1070917
"2025-06-07 00:00:00",1718203,1140330
"2025-06-08 00:00:00",1666283,1097830
"2025-06-09 00:00:00",1617896,1029090
"2025-06-10 00:00:00",1578693,1002281
"2025-06-11 00:00:00",1732079,1085843
"2025-06-12 00:00:00",1602635,985002
"2025-06-13 00:00:00",1600791,1017567
"2025-06-14 00:00:00",1631909,1062986
"2025-06-15 00:00:00",1621013,1059118
"2025-06-16 00:00:00",1553991,991016
"2025-06-17 00:00:00",1530442,971402
"2025-06-18 00:00:00",1622443,1017832
"2025-06-19 00:00:00",1547159,990054
"2025-06-20 00:00:00",1550282,983734
"2025-06-21 00:00:00",1559679,1032789
"2025-06-22 00:00:00",1584464,1038778
"2025-06-23 00:00:00",1444926,940710
"2025-06-24 00:00:00",1443478,923148
"2025-06-25 00:00:00",1570532,1010612
"2025-06-26 00:00:00",1465953,968429
"2025-06-27 00:00:00",1479775,976216
"2025-06-28 00:00:00",1457477,1006465
"2025-06-29 00:00:00",1463795,1002305
"2025-06-30 00:00:00",1359901,926293
"2025-07-01 00:00:00",1363619,920659
"2025-07-02 00:00:00",1427970,971301
"2025-07-03 00:00:00",1392864,949097
"2025-07-04 00:00:00",1363137,942475
"2025-07-05 00:00:00",1394283,975345
"2025-07-06 00:00:00",1424518,1001600
"2025-07-07 00:00:00",1316550,925593
"2025-07-08 00:00:00",1324912,906821
"2025-07-09 00:00:00",1415636,958986
"2025-07-10 00:00:00",1354959,910877
"2025-07-11 00:00:00",1295904,879909
"2025-07-12 00:00:00",1326873,944148
"2025-07-13 00:00:00",1366769,952624
"2025-07-14 00:00:00",1287998,902091
"2025-07-15 00:00:00",1274843,868739
"2025-07-16 00:00:00",1385529,939133
"2025-07-17 00:00:00",1334627,919961
"2025-07-18 00:00:00",1287216,892590
"2025-07-19 00:00:00",1271662,915380
"2025-07-20 00:00:00",1305403,933054
"2025-07-21 00:00:00",1301624,887728
"2025-07-22 00:00:00",1301950,873458
"2025-07-23 00:00:00",1433826,917582
"2025-07-24 00:00:00",1346164,938746
"2025-07-25 00:00:00",1350040,941372
"2025-07-26 00:00:00",1309341,930698
"2025-07-27 00:00:00",1366269,958984
"2025-07-28 00:00:00",1291036,888258
"2025-07-29 00:00:00",1250081,830949
"2025-07-30 00:00:00",1412846,941329
"2025-07-31 00:00:00",1316325,899174
"2025-08-01 00:00:00",1263878,897804
"2025-08-02 00:00:00",1255626,918862
"2025-08-03 00:00:00",1333049,939070
"2025-08-04 00:00:00",1298608,893361
"2025-08-05 00:00:00",1295851,881627
"2025-08-06 00:00:00",1389306,926402
"2025-08-07 00:00:00",1326168,912603
"2025-08-08 00:00:00",1296612,904743
"2025-08-09 00:00:00",1293633,927548
"2025-08-10 00:00:00",1333518,932183
"2025-08-11 00:00:00",1282394,872300
"2025-08-12 00:00:00",1235446,831954
"2025-08-13 00:00:00",1372657,918359
"2025-08-14 00:00:00",1291475,859082
"2025-08-15 00:00:00",1306994,888445
"2025-08-16 00:00:00",1338399,946835
"2025-08-17 00:00:00",1390163,957829
"2025-08-18 00:00:00",1344239,913018
"2025-08-19 00:00:00",1343689,910084
"2025-08-20 00:00:00",1411898,949875
"2025-08-21 00:00:00",1378344,942419
"2025-08-22 00:00:00",1383087,954369
"2025-08-23 00:00:00",1397611,987458
"2025-08-24 00:00:00",1491473,1018380
"2025-08-25 00:00:00",1403634,959006
"2025-08-26 00:00:00",1392601,940103
"2025-08-27 00:00:00",1505419,1004796
"2025-08-28 00:00:00",1427565,981194
"2025-08-29 00:00:00",1405821,973588
"2025-08-30 00:00:00",1483297,1032790
"2025-08-31 00:00:00",1468696,1006115
"2025-09-01 00:00:00",1371610,909564
"2025-09-02 00:00:00",1364584,882079
"2025-09-03 00:00:00",1484787,942429
"2025-09-04 00:00:00",1396075,890581
"2025-09-05 00:00:00",1431940,934772
"2025-09-06 00:00:00",1516347,1025855
"2025-09-07 00:00:00",1498141,992753
"2025-09-08 00:00:00",1383056,872712
"2025-09-09 00:00:00",1396898,872240
"2025-09-10 00:00:00",1528765,940695
"2025-09-11 00:00:00",1465377,915938
"2025-09-12 00:00:00",1479362,968074
"2025-09-13 00:00:00",1522919,1026040
"2025-09-14 00:00:00",1510613,1007674
"2025-09-15 00:00:00",1394163,878686
"2025-09-16 00:00:00",1397366,872784
"2025-09-17 00:00:00",1574752,976428
"2025-09-18 00:00:00",1456086,928868
"2025-09-19 00:00:00",1477189,953242
"2025-09-20 00:00:00",1512900,1027825
"2025-09-21 00:00:00",1530847,1005878
"2025-09-22 00:00:00",1376827,877041
"2025-09-23 00:00:00",1410279,880757
"2025-09-24 00:00:00",1562493,965690
"2025-09-25 00:00:00",1392494,893677
"2025-09-26 00:00:00",1441483,932238
"2025-09-27 00:00:00",1437094,994079
"2025-09-28 00:00:00",1487559,966000
"2025-09-29 00:00:00",1304518,866643
"2025-09-30 00:00:00",1301054,872151
"2025-10-01 00:00:00",1361379,964630
"2025-10-02 00:00:00",1272142,915239
"2025-10-03 00:00:00",1286010,945147
"2025-10-04 00:00:00",1312089,985783
"2025-10-05 00:00:00",1389582,982392
"2025-10-06 00:00:00",1262400,907872
"2025-10-07 00:00:00",1254130,828638
"2025-10-08 00:00:00",1449843,960681
"2025-10-09 00:00:00",1387791,896225
"2025-10-10 00:00:00",1381046,916131
"2025-10-11 00:00:00",1529240,1018252
"2025-10-12 00:00:00",1558375,1048580
"2025-10-13 00:00:00",1396478,903689
"2025-10-14 00:00:00",1362252,863235
"2025-10-15 00:00:00",1524220,944160
"2025-10-16 00:00:00",1419510,899753
"2025-10-17 00:00:00",1499747,966092
"2025-10-18 00:00:00",1510229,1045179
"2025-10-19 00:00:00",1509635,1011203
"2025-10-20 00:00:00",1335181,873365
"2025-10-21 00:00:00",1351838,852947
"2025-10-22 00:00:00",1512394,942149
"2025-10-23 00:00:00",1542578,981186
"2025-10-24 00:00:00",1550265,998903
"2025-10-25 00:00:00",1595852,1085568
"2025-10-26 00:00:00",1586964,1063436
"2025-10-27 00:00:00",1386128,923467
"2025-10-28 00:00:00",1398286,905231
"2025-10-29 00:00:00",1517971,992526
"2025-10-30 00:00:00",1473556,974182
"2025-10-31 00:00:00",1504683,1000792
"2025-11-01 00:00:00",1542163,1073340
"2025-11-02 00:00:00",1533453,1055654
"2025-11-03 00:00:00",1401017,936593
"2025-11-04 00:00:00",1448350,933528
"2025-11-05 00:00:00",1480637,957718
"2025-11-06 00:00:00",1456653,959412
"2025-11-07 00:00:00",1532312,1028534
"2025-11-08 00:00:00",1614563,1124614
"2025-11-09 00:00:00",1578565,1067330
"2025-11-10 00:00:00",1406164,931222
"2025-11-11 00:00:00",1406307,928312
"2025-11-12 00:00:00",1533502,974700
"2025-11-13 00:00:00",1430953,936796
"2025-11-14 00:00:00",1487542,1013175
"2025-11-15 00:00:00",1609136,1125409
"2025-11-16 00:00:00",1624130,1092632
"2025-11-17 00:00:00",1400629,944700
"2025-11-18 00:00:00",1391109,910293
"2025-11-19 00:00:00",1516060,981359
"2025-11-20 00:00:00",1417630,914505
"2025-11-21 00:00:00",1476356,984812
"2025-11-22 00:00:00",1540564,1069005
"2025-11-23 00:00:00",1516205,1028328
"2025-11-24 00:00:00",1323834,888280
"2025-11-25 00:00:00",1330302,874518
"2025-11-26 00:00:00",1433146,909944
"2025-11-27 00:00:00",1370509,910928
"2025-11-28 00:00:00",1441083,976582
"2025-11-29 00:00:00",1456347,1069857
"2025-11-30 00:00:00",1492258,1035295
"2025-12-01 00:00:00",1305597,881985
"2025-12-02 00:00:00",1284819,872937
"2025-12-03 00:00:00",1504872,975649
"2025-12-04 00:00:00",1320427,933072
"2025-12-05 00:00:00",1404973,966826
"2025-12-06 00:00:00",1479696,1040275
"2025-12-07 00:00:00",1470848,1009540
"2025-12-08 00:00:00",1320792,880063
"2025-12-09 00:00:00",1339347,883557
"2025-12-10 00:00:00",1411377,934187
"2025-12-11 00:00:00",1387258,905866
"2025-12-12 00:00:00",1464246,985362
"2025-12-13 00:00:00",1587758,1077072
"2025-12-14 00:00:00",1585854,1051159
"2025-12-15 00:00:00",1412566,925968
"2025-12-16 00:00:00",1383793,910980
"2025-12-17 00:00:00",1551616,998731
"2025-12-18 00:00:00",1517403,986338
"2025-12-19 00:00:00",1569939,1035634
"2025-12-20 00:00:00",1533194,1092526
"2025-12-21 00:00:00",1603583,1090079
"2025-12-22 00:00:00",1448182,949217
"2025-12-23 00:00:00",1460391,962088
"2025-12-24 00:00:00",1601781,1041830
"2025-12-25 00:00:00",1510359,1031038
"2025-12-26 00:00:00",1589945,1075716
"2025-12-27 00:00:00",1630561,1143561
"2025-12-28 00:00:00",1596413,1124790
"2025-12-29 00:00:00",1492628,1043376
"2025-12-30 00:00:00",1511932,1060337
"2025-12-31 00:00:00",1515495,1058968
"2026-01-01 00:00:00",1544647,1107245
"2026-01-02 00:00:00",1541982,1113761
"2026-01-03 00:00:00",1583892,1156177
"2026-01-04 00:00:00",1611978,1134155
"2026-01-05 00:00:00",1486294,1053527
"2026-01-06 00:00:00",1495367,1029330
"2026-01-07 00:00:00",1594790,1097961
"2026-01-08 00:00:00",1494409,1045221
"2026-01-09 00:00:00",1534353,1069879
"2026-01-10 00:00:00",1619119,1163848
"2026-01-11 00:00:00",1602574,1125943
"2026-01-12 00:00:00",1362442,979322
"2026-01-13 00:00:00",1339374,956721
"2026-01-14 00:00:00",1432052,1016001
"2026-01-15 00:00:00",1373780,974435
"2026-01-16 00:00:00",1464798,1054771
"2026-01-17 00:00:00",1575142,1151728
"2026-01-18 00:00:00",1571341,1131488
"2026-01-19 00:00:00",1372559,997777
"2026-01-20 00:00:00",1325689,945765
"2026-01-21 00:00:00",1376977,998962
"2026-01-22 00:00:00",1437393,1032115
"2026-01-23 00:00:00",1523696,1110186
"2026-01-24 00:00:00",1634036,1191157
"2026-01-25 00:00:00",1657189,1185995
"2026-01-26 00:00:00",1451496,1056688
"2026-01-27 00:00:00",1430202,1033980
"2026-01-28 00:00:00",1521042,1074788
"2026-01-29 00:00:00",1466799,1066307
"2026-01-30 00:00:00",1495575,1108940
"2026-01-31 00:00:00",1594480,1192072
"2026-02-01 00:00:00",1629389,1185831
"2026-02-02 00:00:00",1427869,1043715
"2026-02-03 00:00:00",1430257,1010532
"2026-02-04 00:00:00",1553948,1112841
"2026-02-05 00:00:00",1507873,1088807
"2026-02-06 00:00:00",1529808,1114003
"2026-02-07 00:00:00",1574909,1193644
"2026-02-08 00:00:00",1626627,1171547
"2026-02-09 00:00:00",1442625,1030068
"2026-02-10 00:00:00",1400433,983913
"2026-02-11 00:00:00",1508511,1070610
"2026-02-12 00:00:00",1461552,1035246
"2026-02-13 00:00:00",1493609,1088295
"2026-02-14 00:00:00",1457892,1102971
"2026-02-15 00:00:00",1561578,1131786
"2026-02-16 00:00:00",1494546,1028322
"2026-02-17 00:00:00",1431516,1020200
"2026-02-18 00:00:00",1542845,1059249
"2026-02-19 00:00:00",1453395,1065303
"2026-02-20 00:00:00",1480640,1026256
"2026-02-21 00:00:00",1519280,1155426
"2026-02-22 00:00:00",1593786,1183802
"2026-02-23 00:00:00",1464932,1100715
"2026-02-24 00:00:00",1476916,1047590
"2026-02-25 00:00:00",1534438,1076338
"2026-02-26 00:00:00",1469824,1074624
"2026-02-27 00:00:00",1509130,1100382
"2026-02-28 00:00:00",1587345,1191093
"2026-03-01 00:00:00",1602455,1176468
"2026-03-02 00:00:00",1401238,1016265
"2026-03-03 00:00:00",1394946,1001941
"2026-03-04 00:00:00",1515537,1044797
"2026-03-05 00:00:00",1471738,1052347
"2026-03-06 00:00:00",1510510,1111661
"2026-03-07 00:00:00",1622269,1212696
"2026-03-08 00:00:00",1617998,1182316
"2026-03-09 00:00:00",1509177,1046410
"2026-03-10 00:00:00",1420517,985859
"2026-03-11 00:00:00",1542869,1018623
"2026-03-12 00:00:00",1558990,1091504
"2026-03-13 00:00:00",1621933,1137187
"2026-03-14 00:00:00",1722141,1253284
"2026-03-15 00:00:00",1721954,1224666
"2026-03-16 00:00:00",1505980,1062867
"2026-03-17 00:00:00",1442119,986167
"2026-03-18 00:00:00",1613699,1092391
"2026-03-19 00:00:00",1567028,1098408
"2026-03-20 00:00:00",1526890,1097723
"2026-03-21 00:00:00",1626484,1179320
"2026-03-22 00:00:00",1569205,1106006
"2026-03-23 00:00:00",1361158,963558
"2026-03-24 00:00:00",1418834,954362
"2026-03-25 00:00:00",1613480,1059953
"2026-03-26 00:00:00",1435572,947153
"2026-03-27 00:00:00",1473455,1017837
"2026-03-28 00:00:00",1561824,1131337
"2026-03-29 00:00:00",1594743,1104635
"2026-03-30 00:00:00",1431000,957828
"2026-03-31 00:00:00",1438085,933722
"2026-04-01 00:00:00",1573122,1036395
"2026-04-02 00:00:00",1504541,1007210
"2026-04-03 00:00:00",1454003,1012856
"2026-04-04 00:00:00",1474832,1038393
"2026-04-05 00:00:00",1482545,1059902
"2026-04-06 00:00:00",1417422,983880
"2026-04-07 00:00:00",1345456,904688
"2026-04-08 00:00:00",1528350,996654
"2026-04-09 00:00:00",1404105,944856
"2026-04-10 00:00:00",1463381,999181
"2026-04-11 00:00:00",1539152,1064519
"2026-04-12 00:00:00",1515496,1032430
"2026-04-13 00:00:00",1324675,884671
"2026-04-14 00:00:00",1322789,864377
"2026-04-15 00:00:00",1494440,950408
"2026-04-16 00:00:00",1358893,883486
"2026-04-17 00:00:00",1399032,942315
"2026-04-18 00:00:00",1483896,1051975
"2026-04-19 00:00:00",1482851,1030124
"2026-04-20 00:00:00",1324916,876324
"2026-04-21 00:00:00",1375492,891086
"2026-04-22 00:00:00",1548310,980953
"2026-04-23 00:00:00",1460148,961428
"2026-04-24 00:00:00",1469012,989271
"2026-04-25 00:00:00",1531949,1087375
"2026-04-26 00:00:00",1556363,1065777
"2026-04-27 00:00:00",1362901,912771
"2026-04-28 00:00:00",1355132,889401
"2026-04-29 00:00:00",1516989,988076
"2026-04-30 00:00:00",1385979,984753
"2026-05-01 00:00:00",1344463,1017312
"2026-05-02 00:00:00",1265334,963656
"2026-05-03 00:00:00",1383759,988295
"2026-05-04 00:00:00",1266980,896046
"2026-05-05 00:00:00",1227694,863927
"2026-05-06 00:00:00",1408857,908919
"2026-05-07 00:00:00",1334049,893144
"2026-05-08 00:00:00",1321704,906459
"2026-05-09 00:00:00",1446014,977420
"2026-05-10 00:00:00",1405012,982161
"2026-05-11 00:00:00",1275982,863760
"2026-05-12 00:00:00",1276342,845552
"2026-05-13 00:00:00",1450285,934173
"2026-05-14 00:00:00",1389578,922637
"2026-05-15 00:00:00",1344303,910781
"2026-05-16 00:00:00",1417513,1009274
"2026-05-17 00:00:00",1415913,978708
"2026-05-18 00:00:00",1313208,868133
"2026-05-19 00:00:00",1306511,853125
"2026-05-20 00:00:00",1441643,911775
"2026-05-21 00:00:00",1358001,884227
"2026-05-22 00:00:00",1455960,964730
"2026-05-23 00:00:00",1485194,1023221
"2026-05-24 00:00:00",1488364,1019765
"2026-05-25 00:00:00",1379397,919539
"2026-05-26 00:00:00",1348670,873587
"2026-05-27 00:00:00",1477071,940080
"2026-05-28 00:00:00",1408909,913715
"2026-05-29 00:00:00",1457351,950379
"2026-05-30 00:00:00",1460239,993163
"2026-05-31 00:00:00",1492812,1004906
"2026-06-01 00:00:00",1323599,883978
"2026-06-02 00:00:00",1240516,804514
"2026-06-03 00:00:00",1442979,929061
"2026-06-04 00:00:00",1351987,911157
"2026-06-05 00:00:00",1454352,952201
"2026-06-06 00:00:00",1468610,1015497
"2026-06-07 00:00:00",1482802,1000416
"2026-06-08 00:00:00",1372329,873101
"2026-06-09 00:00:00",1336742,855436
"2026-06-10 00:00:00",1532609,961349
"2026-06-11 00:00:00",1361069,902454
"2026-06-12 00:00:00",1429585,928248
"2026-06-13 00:00:00",1461661,1007522
"2026-06-14 00:00:00",1498445,1003219
"2026-06-15 00:00:00",1362617,882352
"2026-06-16 00:00:00",1362430,855380
"2026-06-17 00:00:00",1468056,906458
"2026-06-18 00:00:00",1374512,914784
"2026-06-19 00:00:00",1198320,890439
"2026-06-20 00:00:00",1309247,930223
"2026-06-21 00:00:00",1497573,951033
"2026-06-22 00:00:00",1473933,914285
"2026-06-23 00:00:00",1463722,883086
"2026-06-24 00:00:00",1573727,933835
"2026-06-25 00:00:00",1483093,906475
"2026-06-26 00:00:00",1453658,928126
"2026-06-27 00:00:00",1454244,966525
"2026-06-28 00:00:00",1440899,959290
"2026-06-29 00:00:00",1351438,871377
"2026-06-30 00:00:00",1326385,854731
"2026-07-01 00:00:00",1435035,909782
"2026-07-02 00:00:00",1292430,829168
"2026-07-03 00:00:00",1336231,845210
"2026-07-04 00:00:00",1414003,945879
"2026-07-05 00:00:00",1415398,940383
"2026-07-06 00:00:00",1282677,844564
"2026-07-07 00:00:00",1269664,817116
"2026-07-08 00:00:00",1345718,862968
"2026-07-09 00:00:00",1304715,819535
"2026-07-10 00:00:00",1308574,831377
"2026-07-11 00:00:00",1363178,912753
"2026-07-12 00:00:00",1380539,941688
"2026-07-13 00:00:00",1266345,863527
"2026-07-14 00:00:00",646573,828086
"2026-07-14 01:00:00",600521,
"2026-07-14 02:00:00",591837,
"2026-07-14 03:00:00",583181,
"2026-07-14 04:00:00",558686,
"2026-07-14 05:00:00",604065,
"2026-07-14 06:00:00",660230,
"2026-07-14 07:00:00",723820,
"2026-07-14 08:00:00",774430,
"2026-07-14 09:00:00",797804,
"2026-07-14 10:00:00",840018,
"2026-07-14 11:00:00",955103,
"2026-07-14 12:00:00",1123224,
"2026-07-14 13:00:00",1242004,
"2026-07-14 14:00:00",1266494,
"2026-07-14 15:00:00",1228069,
"2026-07-14 16:00:00",1129882,
"2026-07-14 17:00:00",1072037,
"2026-07-14 18:00:00",1071530,
"2026-07-14 19:00:00",987336,
"2026-07-14 20:00:00",880908,
"2026-07-14 21:00:00",854951,
"2026-07-14 22:00:00",665647,
"2026-07-14 23:00:00",645739,
"2026-07-15 00:00:00",580282,857263
"2026-07-15 01:00:00",549982,
"2026-07-15 02:00:00",571307,
"2026-07-15 03:00:00",568020,
"2026-07-15 04:00:00",554521,
"2026-07-15 05:00:00",606877,
"2026-07-15 06:00:00",679414,
"2026-07-15 07:00:00",747934,
"2026-07-15 08:00:00",805692,
"2026-07-15 09:00:00",832063,
"2026-07-15 10:00:00",883249,
"2026-07-15 11:00:00",1029071,
"2026-07-15 12:00:00",1212826,
"2026-07-15 13:00:00",1332451,
"2026-07-15 14:00:00",1338175,
"2026-07-15 15:00:00",1296590,
"2026-07-15 16:00:00",1181902,
"2026-07-15 17:00:00",1128384,
"2026-07-15 18:00:00",1125258,
"2026-07-15 19:00:00",1029567,
"2026-07-15 20:00:00",920094,
"2026-07-15 21:00:00",856719,
"2026-07-15 22:00:00",835510,
"2026-07-15 23:00:00",733333,
"2026-07-16 00:00:00",639129,818608
"2026-07-16 01:00:00",590041,
"2026-07-16 02:00:00",500443,
"2026-07-16 03:00:00",498804,
"2026-07-16 04:00:00",491105,
"2026-07-16 05:00:00",545165,
"2026-07-16 06:00:00",607658,
"2026-07-16 07:00:00",671572,
"2026-07-16 08:00:00",730675,
"2026-07-16 09:00:00",749432,
"2026-07-16 10:00:00",802218,
"2026-07-16 11:00:00",940417,
"2026-07-16 12:00:00",1122370,
"2026-07-16 13:00:00",1229327,
"2026-07-16 14:00:00",1257796,
"2026-07-16 15:00:00",1220149,
"2026-07-16 16:00:00",1118359,
"2026-07-16 17:00:00",1072807,
"2026-07-16 18:00:00",1072275,
"2026-07-16 19:00:00",1071202,
"2026-07-16 20:00:00",1047347,
"2026-07-16 21:00:00",960122,
"2026-07-16 22:00:00",829319,
"2026-07-16 23:00:00",691176,
"2026-07-17 00:00:00",582881,852938
"2026-07-17 01:00:00",561439,
"2026-07-17 02:00:00",565070,
"2026-07-17 03:00:00",561220,
"2026-07-17 04:00:00",547931,
"2026-07-17 05:00:00",590513,
"2026-07-17 06:00:00",649688,
"2026-07-17 07:00:00",718145,
"2026-07-17 08:00:00",766651,
"2026-07-17 09:00:00",787707,
"2026-07-17 10:00:00",828407,
"2026-07-17 11:00:00",931472,
"2026-07-17 12:00:00",1100745,
"2026-07-17 13:00:00",1234943,
"2026-07-17 14:00:00",1256974,
"2026-07-17 15:00:00",1241124,
"2026-07-17 16:00:00",1151621,
"2026-07-17 17:00:00",1086464,
"2026-07-17 18:00:00",1081478,
"2026-07-17 19:00:00",1094154,
"2026-07-17 20:00:00",1091930,
"2026-07-17 21:00:00",1021715,
"2026-07-17 22:00:00",908034,
"2026-07-17 23:00:00",771685,
"2026-07-18 00:00:00",661218,895817
"2026-07-18 01:00:00",604611,
"2026-07-18 02:00:00",615493,
"2026-07-18 03:00:00",621640,
"2026-07-18 04:00:00",607906,
"2026-07-18 05:00:00",654115,
"2026-07-18 06:00:00",724612,
"2026-07-18 07:00:00",786050,
"2026-07-18 08:00:00",842498,
"2026-07-18 09:00:00",855620,
"2026-07-18 10:00:00",892636,
"2026-07-18 11:00:00",1006234,
"2026-07-18 12:00:00",1162764,
"2026-07-18 13:00:00",1274708,
"2026-07-18 14:00:00",1301696,
"2026-07-18 15:00:00",1281479,
"2026-07-18 16:00:00",1199957,
"2026-07-18 17:00:00",1125906,
"2026-07-18 18:00:00",1104229,
"2026-07-18 19:00:00",1102678,
"2026-07-18 20:00:00",1099688,
"2026-07-18 21:00:00",1018543,
"2026-07-18 22:00:00",884806,
"2026-07-18 23:00:00",757090,
"2026-07-19 00:00:00",694234,873196
"2026-07-19 01:00:00",629362,
"2026-07-19 02:00:00",626392,
"2026-07-19 03:00:00",627549,
"2026-07-19 04:00:00",618619,
"2026-07-19 05:00:00",658910,
"2026-07-19 06:00:00",742407,
"2026-07-19 07:00:00",814073,
"2026-07-19 08:00:00",871231,
"2026-07-19 09:00:00",886143,
"2026-07-19 10:00:00",935967,
"2026-07-19 11:00:00",1071373,
"2026-07-19 12:00:00",1229934,
"2026-07-19 13:00:00",1330310,
"2026-07-19 14:00:00",1333475,
"2026-07-19 15:00:00",1304026,
"2026-07-19 16:00:00",1207903,
"2026-07-19 17:00:00",1147920,
"2026-07-19 18:00:00",1115075,
"2026-07-19 19:00:00",946091,
"2026-07-19 20:00:00",811817,
"2026-07-19 21:00:00",730490,
"2026-07-19 22:00:00",695314,
"2026-07-19 23:00:00",698806,
"2026-07-20 00:00:00",658701,828191
"2026-07-20 01:00:00",603585,
"2026-07-20 02:00:00",569283,
"2026-07-20 03:00:00",548517,
"2026-07-20 04:00:00",533959,
"2026-07-20 05:00:00",583284,
"2026-07-20 06:00:00",630594,
"2026-07-20 07:00:00",685986,
"2026-07-20 08:00:00",739768,
"2026-07-20 09:00:00",763054,
"2026-07-20 10:00:00",811400,
"2026-07-20 11:00:00",929030,
"2026-07-20 12:00:00",1101560,
"2026-07-20 13:00:00",1212571,
"2026-07-20 14:00:00",1222593,
"2026-07-20 15:00:00",1187864,
"2026-07-20 16:00:00",1087276,
"2026-07-20 17:00:00",1055533,
"2026-07-20 18:00:00",1082281,
"2026-07-20 19:00:00",1081189,
"2026-07-20 20:00:00",1052726,
"2026-07-20 21:00:00",946651,
"2026-07-20 22:00:00",826937,
"2026-07-20 23:00:00",710602,
"2026-07-21 00:00:00",596022,811323
"2026-07-21 01:00:00",580944,
"2026-07-21 02:00:00",572371,
"2026-07-21 03:00:00",557119,
"2026-07-21 04:00:00",533315,
"2026-07-21 05:00:00",570297,
"2026-07-21 06:00:00",625912,
"2026-07-21 07:00:00",684369,
"2026-07-21 08:00:00",731537,
"2026-07-21 09:00:00",749629,
"2026-07-21 10:00:00",795287,
"2026-07-21 11:00:00",922046,
"2026-07-21 12:00:00",1090411,
"2026-07-21 13:00:00",1209246,
"2026-07-21 14:00:00",1219924,
"2026-07-21 15:00:00",1190161,
"2026-07-21 16:00:00",1091094,
"2026-07-21 17:00:00",1045823,
"2026-07-21 18:00:00",1065338,
"2026-07-21 19:00:00",1059249,
"2026-07-21 20:00:00",1038387,
"2026-07-21 21:00:00",944173,
"2026-07-21 22:00:00",621938,
"2026-07-21 23:00:00",597107,
"2026-07-22 00:00:00",532752,852399
"2026-07-22 01:00:00",567838,
"2026-07-22 02:00:00",574416,
"2026-07-22 03:00:00",561483,
"2026-07-22 04:00:00",546011,
"2026-07-22 05:00:00",597110,
"2026-07-22 06:00:00",664765,
"2026-07-22 07:00:00",724695,
"2026-07-22 08:00:00",771382,
"2026-07-22 09:00:00",794438,
"2026-07-22 10:00:00",851231,
"2026-07-22 11:00:00",996253,
"2026-07-22 12:00:00",1183992,
"2026-07-22 13:00:00",1292642,
"2026-07-22 14:00:00",1297243,
"2026-07-22 15:00:00",1245130,
"2026-07-22 16:00:00",1135802,
"2026-07-22 17:00:00",1088621,
"2026-07-22 18:00:00",1109201,
"2026-07-22 19:00:00",1104500,
"2026-07-22 20:00:00",1076131,
"2026-07-22 21:00:00",956988,
"2026-07-22 22:00:00",826119,
"2026-07-22 23:00:00",703305,
"2026-07-23 00:00:00",611993,821930
"2026-07-23 01:00:00",581061,
"2026-07-23 02:00:00",588207,
"2026-07-23 03:00:00",569887,
"2026-07-23 04:00:00",511813,
"2026-07-23 05:00:00",555543,
"2026-07-23 06:00:00",616288,
"2026-07-23 07:00:00",684332,
"2026-07-23 08:00:00",730153,
"2026-07-23 09:00:00",749545,
"2026-07-23 10:00:00",812451,
"2026-07-23 11:00:00",940109,
"2026-07-23 12:00:00",1102474,
"2026-07-23 13:00:00",1218595,
"2026-07-23 14:00:00",1222223,
"2026-07-23 15:00:00",1189656,
"2026-07-23 16:00:00",1095781,
"2026-07-23 17:00:00",1050436,
"2026-07-23 18:00:00",1064165,
"2026-07-23 19:00:00",1064569,
"2026-07-23 20:00:00",1042082,
"2026-07-23 21:00:00",942383,
"2026-07-23 22:00:00",810302,
"2026-07-23 23:00:00",696645,
"2026-07-24 00:00:00",616345,829387
"2026-07-24 01:00:00",573489,
"2026-07-24 02:00:00",563284,
"2026-07-24 03:00:00",553651,
"2026-07-24 04:00:00",530384,
"2026-07-24 05:00:00",577044,
"2026-07-24 06:00:00",632773,
"2026-07-24 07:00:00",690357,
"2026-07-24 08:00:00",734492,
"2026-07-24 09:00:00",748530,
"2026-07-24 10:00:00",805090,
"2026-07-24 11:00:00",910461,
"2026-07-24 12:00:00",1083745,
"2026-07-24 13:00:00",1213962,
"2026-07-24 14:00:00",1242968,
"2026-07-24 15:00:00",1209348,
"2026-07-24 16:00:00",1117276,
"2026-07-24 17:00:00",1057959,
"2026-07-24 18:00:00",1052371,
"2026-07-24 19:00:00",1051921,
"2026-07-24 20:00:00",1027711,
"2026-07-24 21:00:00",968776,
"2026-07-24 22:00:00",855601,
"2026-07-24 23:00:00",732601,
"2026-07-25 00:00:00",638493,867022
"2026-07-25 01:00:00",595149,
"2026-07-25 02:00:00",606449,
"2026-07-25 03:00:00",607559,
"2026-07-25 04:00:00",594881,
"2026-07-25 05:00:00",645359,
"2026-07-25 06:00:00",709457,
"2026-07-25 07:00:00",771071,
"2026-07-25 08:00:00",814364,
"2026-07-25 09:00:00",820540,
"2026-07-25 10:00:00",854066,
"2026-07-25 11:00:00",971342,
"2026-07-25 12:00:00",1129645,
"2026-07-25 13:00:00",1241847,
"2026-07-25 14:00:00",1250317,
"2026-07-25 15:00:00",1230896,
"2026-07-25 16:00:00",1136965,
"2026-07-25 17:00:00",1070021,
"2026-07-25 18:00:00",1047006,
"2026-07-25 19:00:00",1052288,
"2026-07-25 20:00:00",1059593,
"2026-07-25 21:00:00",990131,
"2026-07-25 22:00:00",876441,
"2026-07-25 23:00:00",745865,
"2026-07-26 00:00:00",637993,886352
"2026-07-26 01:00:00",575165,
"2026-07-26 02:00:00",592080,
"2026-07-26 03:00:00",593444,
"2026-07-26 04:00:00",606493,
"2026-07-26 05:00:00",683101,
"2026-07-26 06:00:00",758728,
"2026-07-26 07:00:00",828820,
"2026-07-26 08:00:00",868750,
"2026-07-26 09:00:00",878797,
"2026-07-26 10:00:00",914059,
"2026-07-26 11:00:00",1037109,
"2026-07-26 12:00:00",1192617,
"2026-07-26 13:00:00",1275724,
"2026-07-26 14:00:00",1292219,
"2026-07-26 15:00:00",1250924,
"2026-07-26 16:00:00",1150221,
"2026-07-26 17:00:00",1088610,
"2026-07-26 18:00:00",1103801,
"2026-07-26 19:00:00",1100100,
"2026-07-26 20:00:00",1068419,
"2026-07-26 21:00:00",962794,
"2026-07-26 22:00:00",823734,
"2026-07-26 23:00:00",701139,
"2026-07-27 00:00:00",625705,823718
"2026-07-27 01:00:00",583207,
"2026-07-27 02:00:00",573530,
"2026-07-27 03:00:00",557698,
"2026-07-27 04:00:00",534107,
"2026-07-27 05:00:00",577723,
"2026-07-27 06:00:00",633358,
"2026-07-27 07:00:00",696498,
"2026-07-27 08:00:00",744074,
"2026-07-27 09:00:00",763820,
"2026-07-27 10:00:00",808869,
"2026-07-27 11:00:00",937399,
"2026-07-27 12:00:00",1106914,
"2026-07-27 13:00:00",1212728,
"2026-07-27 14:00:00",1213496,
"2026-07-27 15:00:00",1170580,
"2026-07-27 16:00:00",1075106,
"2026-07-27 17:00:00",1042447,
"2026-07-27 18:00:00",1066854,
"2026-07-27 19:00:00",1069060,
"2026-07-27 20:00:00",1042698,
"2026-07-27 21:00:00",939147,
"2026-07-27 22:00:00",801057,
"2026-07-27 23:00:00",685137,
"2026-07-28 00:00:00",612044,808412
"2026-07-28 01:00:00",574442,
"2026-07-28 02:00:00",565471,
"2026-07-28 03:00:00",549227,
"2026-07-28 04:00:00",532805,
"2026-07-28 05:00:00",574593,
"2026-07-28 06:00:00",630238,
"2026-07-28 07:00:00",684800,
"2026-07-28 08:00:00",737518,
"2026-07-28 09:00:00",756748,
"2026-07-28 10:00:00",813072,
"2026-07-28 11:00:00",943813,
"2026-07-28 12:00:00",1107222,
"2026-07-28 13:00:00",1196173,
"2026-07-28 14:00:00",1209840,
"2026-07-28 15:00:00",1163525,
"2026-07-28 16:00:00",1058280,
"2026-07-28 17:00:00",1027881,
"2026-07-28 18:00:00",1044589,
"2026-07-28 19:00:00",1043937,
"2026-07-28 20:00:00",1015366,
"2026-07-28 21:00:00",917107,
"2026-07-28 22:00:00",792137,
"2026-07-28 23:00:00",596093,
"2026-07-29 00:00:00",554850,834482
"2026-07-29 01:00:00",548520,
"2026-07-29 02:00:00",570842,
"2026-07-29 03:00:00",567265,
"2026-07-29 04:00:00",539754,
"2026-07-29 05:00:00",586963,
"2026-07-29 06:00:00",651577,
"2026-07-29 07:00:00",719830,
"2026-07-29 08:00:00",762073,
"2026-07-29 09:00:00",788869,
"2026-07-29 10:00:00",836315,
"2026-07-29 11:00:00",983079,
"2026-07-29 12:00:00",1160943,
"2026-07-29 13:00:00",1261348,
"2026-07-29 14:00:00",1269891,
"2026-07-29 15:00:00",1191214,
"2026-07-29 16:00:00",1126454,
"2026-07-29 17:00:00",1082743,
"2026-07-29 18:00:00",1090485,
"2026-07-29 19:00:00",1085062,
"2026-07-29 20:00:00",1052259,
"2026-07-29 21:00:00",955073,
"2026-07-29 22:00:00",789058,
"2026-07-29 23:00:00",615768,
"2026-07-30 00:00:00",541566,800242
"2026-07-30 01:00:00",501212,
"2026-07-30 02:00:00",493641,
"2026-07-30 03:00:00",481833,
"2026-07-30 04:00:00",481428,
"2026-07-30 05:00:00",534550,
"2026-07-30 06:00:00",602410,
"2026-07-30 07:00:00",667715,
"2026-07-30 08:00:00",723297,
"2026-07-30 09:00:00",745840,
"2026-07-30 10:00:00",800932,
"2026-07-30 11:00:00",936164,
"2026-07-30 12:00:00",1078984,
"2026-07-30 13:00:00",1161738,
"2026-07-30 14:00:00",1180558,
"2026-07-30 15:00:00",1153768,
"2026-07-30 16:00:00",1078076,
"2026-07-30 17:00:00",1031775,
"2026-07-30 18:00:00",1048396,
"2026-07-30 19:00:00",1051910,
"2026-07-30 20:00:00",1033474,
"2026-07-30 21:00:00",943261,
"2026-07-30 22:00:00",834207,
"2026-07-30 23:00:00",718773,
"2026-07-31 00:00:00",641105,840039
"2026-07-31 01:00:00",592036,
"2026-07-31 02:00:00",583063,
"2026-07-31 03:00:00",577333,
"2026-07-31 04:00:00",559829,
"2026-07-31 05:00:00",600335,
"2026-07-31 06:00:00",655839,
"2026-07-31 07:00:00",716405,
"2026-07-31 08:00:00",758916,
"2026-07-31 09:00:00",780725,
"2026-07-31 10:00:00",825725,
"2026-07-31 11:00:00",944215,
"2026-07-31 12:00:00",1100250,
"2026-07-31 13:00:00",1209674,
"2026-07-31 14:00:00",1220314,
"2026-07-31 15:00:00",1180328,
"2026-07-31 16:00:00",1101929,
"2026-07-31 17:00:00",1045109,
"2026-07-31 18:00:00",1043185,
"2026-07-31 19:00:00",1044694,
"2026-07-31 20:00:00",1040128,
"2026-07-31 21:00:00",971181,
"2026-07-31 22:00:00",864334,
"2026-07-31 23:00:00",740349,
"2026-08-01 00:00:00",638029,855448
"2026-08-01 01:00:00",590024,
"2026-08-01 02:00:00",606557,
"2026-08-01 03:00:00",606754,
"2026-08-01 04:00:00",597601,
"2026-08-01 05:00:00",650637,
"2026-08-01 06:00:00",708257,
"2026-08-01 07:00:00",769070,
"2026-08-01 08:00:00",811518,
"2026-08-01 09:00:00",821217,
"2026-08-01 10:00:00",828014,
"2026-08-01 11:00:00",932468,
"2026-08-01 12:00:00",1080204,
"2026-08-01 13:00:00",1202678,
"2026-08-01 14:00:00",1226343,
"2026-08-01 15:00:00",1211341,
"2026-08-01 16:00:00",1126949,
"2026-08-01 17:00:00",1061666,
"2026-08-01 18:00:00",1041752,
"2026-08-01 19:00:00",1043842,
"2026-08-01 20:00:00",1034972,
"2026-08-01 21:00:00",971800,
"2026-08-01 22:00:00",863940,
"2026-08-01 23:00:00",731769,
"2026-08-02 00:00:00",624245,843039
"2026-08-02 01:00:00",547958,
"2026-08-02 02:00:00",563132,
"2026-08-02 03:00:00",565504,
"2026-08-02 04:00:00",584486,
"2026-08-02 05:00:00",645937,
"2026-08-02 06:00:00",702606,
"2026-08-02 07:00:00",769593,
"2026-08-02 08:00:00",820488,
"2026-08-02 09:00:00",827491,
"2026-08-02 10:00:00",840701,
"2026-08-02 11:00:00",946401,
"2026-08-02 12:00:00",1102607,
"2026-08-02 13:00:00",1195316,
"2026-08-02 14:00:00",1193501,
"2026-08-02 15:00:00",1180369,
"2026-08-02 16:00:00",1098891,
"2026-08-02 17:00:00",1048702,
"2026-08-02 18:00:00",1065293,
"2026-08-02 19:00:00",1064475,
"2026-08-02 20:00:00",1038219,
"2026-08-02 21:00:00",931860,
"2026-08-02 22:00:00",807700,
"2026-08-02 23:00:00",683295,
"2026-08-03 00:00:00",600388,788065
"2026-08-03 01:00:00",557525,
"2026-08-03 02:00:00",550682,
"2026-08-03 03:00:00",531481,
"2026-08-03 04:00:00",506392,
"2026-08-03 05:00:00",545676,
"2026-08-03 06:00:00",610603,
"2026-08-03 07:00:00",674510,
"2026-08-03 08:00:00",724641,
"2026-08-03 09:00:00",741218,
"2026-08-03 10:00:00",787864,
"2026-08-03 11:00:00",913991,
"2026-08-03 12:00:00",1074068,
"2026-08-03 13:00:00",1159871,
"2026-08-03 14:00:00",1159945,
"2026-08-03 15:00:00",1121329,
"2026-08-03 16:00:00",1033481,
"2026-08-03 17:00:00",1001003,
"2026-08-03 18:00:00",1023648,
"2026-08-03 19:00:00",1021635,
"2026-08-03 20:00:00",993519,
"2026-08-03 21:00:00",892490,
"2026-08-03 22:00:00",706729,
"2026-08-03 23:00:00",644616,
"2026-08-04 00:00:00",568926,762342
"2026-08-04 01:00:00",530620,
"2026-08-04 02:00:00",515168,
"2026-08-04 03:00:00",500956,
"2026-08-04 04:00:00",480684,
"2026-08-04 05:00:00",531649,
"2026-08-04 06:00:00",593470,
"2026-08-04 07:00:00",660382,
"2026-08-04 08:00:00",707673,
"2026-08-04 09:00:00",716914,
"2026-08-04 10:00:00",764313,
"2026-08-04 11:00:00",891738,
"2026-08-04 12:00:00",1062765,
"2026-08-04 13:00:00",1154256,
"2026-08-04 14:00:00",1169971,
"2026-08-04 15:00:00",1110798,
"2026-08-04 16:00:00",1014938,
"2026-08-04 17:00:00",974800,
"2026-08-04 18:00:00",992718,
"2026-08-04 19:00:00",988449,
"2026-08-04 20:00:00",953365,
"2026-08-04 21:00:00",864322,
"2026-08-04 22:00:00",744585,
"2026-08-04 23:00:00",563929,
"2026-08-05 00:00:00",520469,832028
"2026-08-05 01:00:00",540193,
"2026-08-05 02:00:00",546660,
"2026-08-05 03:00:00",536877,
"2026-08-05 04:00:00",524864,
"2026-08-05 05:00:00",560373,
"2026-08-05 06:00:00",629837,
"2026-08-05 07:00:00",702408,
"2026-08-05 08:00:00",743478,
"2026-08-05 09:00:00",772772,
"2026-08-05 10:00:00",836949,
"2026-08-05 11:00:00",996640,
"2026-08-05 12:00:00",1184358,
"2026-08-05 13:00:00",1276129,
"2026-08-05 14:00:00",1276316,
"2026-08-05 15:00:00",1220574,
"2026-08-05 16:00:00",1115669,
"2026-08-05 17:00:00",1065061,
"2026-08-05 18:00:00",1083056,
"2026-08-05 19:00:00",1065548,
"2026-08-05 20:00:00",1044556,
"2026-08-05 21:00:00",941510,
"2026-08-05 22:00:00",820062,
"2026-08-05 23:00:00",699485,
"2026-08-06 00:00:00",614020,804299
"2026-08-06 01:00:00",569635,
"2026-08-06 02:00:00",554247,
"2026-08-06 03:00:00",540923,
"2026-08-06 04:00:00",524326,
"2026-08-06 05:00:00",559054,
"2026-08-06 06:00:00",569069,
"2026-08-06 07:00:00",642230,
"2026-08-06 08:00:00",651502,
"2026-08-06 08:10:00",662091,
"2026-08-06 08:20:00",671939,
"2026-08-06 08:30:00",682085,
"2026-08-06 08:40:00",690718,
"2026-08-06 08:50:00",697519,
"2026-08-06 09:00:00",703625,
"2026-08-06 09:10:00",709899,
"2026-08-06 09:20:00",714752,
"2026-08-06 09:30:00",718947,
"2026-08-06 09:40:00",723857,
"2026-08-06 09:50:00",728361,
"2026-08-06 10:00:00",733020,
"2026-08-06 10:10:00",740045,
"2026-08-06 10:20:00",749718,
"2026-08-06 10:30:00",754420,
"2026-08-06 10:40:00",768930,
"2026-08-06 10:50:00",785488,
"2026-08-06 11:00:00",805420,
"2026-08-06 11:10:00",824269,
"2026-08-06 11:20:00",844773,
"2026-08-06 11:30:00",864876,
"2026-08-06 11:40:00",890704,
"2026-08-06 11:50:00",915497,
"2026-08-06 12:00:00",938233,
"2026-08-06 12:10:00",970177,
"2026-08-06 12:20:00",1005158,
"2026-08-06 12:30:00",1021427,
"2026-08-06 12:40:00",1052533,
"2026-08-06 12:50:00",1078725,
"2026-08-06 13:00:00",1099783,
"2026-08-06 13:10:00",1125399,
"2026-08-06 13:20:00",1138473,
"2026-08-06 13:30:00",1167157,
"2026-08-06 13:40:00",1175638,
"2026-08-06 13:50:00",1188720,
"2026-08-06 14:00:00",1194125,
"2026-08-06 14:10:00",1208395,
"2026-08-06 14:20:00",1206050,
"2026-08-06 14:30:00",1194767,
"2026-08-06 14:40:00",1184818,
"2026-08-06 14:50:00",1173355,
"2026-08-06 15:00:00",1158946,
"2026-08-06 15:10:00",1140616,
"2026-08-06 15:20:00",1126790,
"2026-08-06 15:30:00",1110764,
"2026-08-06 15:40:00",1095590,
"2026-08-06 15:50:00",1081160,
"2026-08-06 16:00:00",1067494,
"2026-08-06 16:10:00",1052628,
"2026-08-06 16:20:00",1040506,
"2026-08-06 16:30:00",1034301,
"2026-08-06 16:40:00",1030425,
"2026-08-06 16:50:00",1025063,
"2026-08-06 17:00:00",1020400,
"2026-08-06 17:10:00",1020069,
"2026-08-06 17:20:00",1021451,
"2026-08-06 17:30:00",1021202,
"2026-08-06 17:40:00",1026592,
"2026-08-06 17:50:00",1028413,
"2026-08-06 18:00:00",1033540,
"2026-08-06 18:10:00",1036935,
"2026-08-06 18:20:00",1039805,
"2026-08-06 18:30:00",1041983,
"2026-08-06 18:40:00",1045315,
"2026-08-06 18:50:00",1044996,
"2026-08-06 19:00:00",1044708,
"2026-08-06 19:10:00",1040194,
"2026-08-06 19:20:00",1041147,
"2026-08-06 19:30:00",1040681,
"2026-08-06 19:40:00",1035120,
"2026-08-06 19:50:00",1029557,
"2026-08-06 20:00:00",1020583,
"2026-08-06 20:10:00",1008773,
"2026-08-06 20:20:00",996098,
"2026-08-06 20:30:00",981041,
"2026-08-06 20:40:00",977504,
"2026-08-06 20:50:00",956718,
"2026-08-06 21:00:00",939094,
"2026-08-06 21:10:00",900361,
"2026-08-06 21:20:00",884623,
"2026-08-06 21:30:00",870788,
"2026-08-06 21:40:00",852371,
"2026-08-06 21:50:00",832003,
"2026-08-06 22:00:00",812283,
"2026-08-06 22:10:00",791093,
"2026-08-06 22:20:00",773011,
"2026-08-06 22:30:00",755728,
"2026-08-06 22:40:00",735633,
"2026-08-06 22:50:00",712190,
"2026-08-06 23:00:00",701776,
"2026-08-06 23:10:00",687904,
"2026-08-06 23:20:00",686645,
"2026-08-06 23:30:00",667262,
"2026-08-06 23:40:00",652606,
"2026-08-06 23:50:00",638686,
"2026-08-07 00:00:00",627548,831057
"2026-08-07 00:10:00",610946,
"2026-08-07 00:20:00",605913,
"2026-08-07 00:30:00",598947,
"2026-08-07 00:40:00",592894,
"2026-08-07 00:50:00",588742,
"2026-08-07 01:00:00",584094,
"2026-08-07 01:10:00",578143,
"2026-08-07 01:20:00",572140,
"2026-08-07 01:30:00",576285,
"2026-08-07 01:40:00",574822,
"2026-08-07 01:50:00",579025,
"2026-08-07 02:00:00",586440,
"2026-08-07 02:10:00",576532,
"2026-08-07 02:20:00",576087,
"2026-08-07 02:30:00",573882,
"2026-08-07 02:40:00",571946,
"2026-08-07 02:50:00",569808,
"2026-08-07 03:00:00",565180,
"2026-08-07 03:10:00",560215,
"2026-08-07 03:20:00",556049,
"2026-08-07 03:30:00",551052,
"2026-08-07 03:40:00",545249,
"2026-08-07 03:50:00",538211,
"2026-08-07 04:00:00",534701,
"2026-08-07 04:10:00",491818,
"2026-08-07 04:20:00",499233,
"2026-08-07 04:30:00",505397,
"2026-08-07 04:40:00",510949,
"2026-08-07 04:50:00",515668,
"2026-08-07 05:00:00",517238,
"2026-08-07 05:10:00",525552,
"2026-08-07 05:20:00",534021,
"2026-08-07 05:30:00",542187,
"2026-08-07 05:40:00",553192,
"2026-08-07 05:50:00",562354,
"2026-08-07 06:00:00",569933,
"2026-08-07 06:10:00",581086,
"2026-08-07 06:20:00",592452,
"2026-08-07 06:30:00",604304,
"2026-08-07 06:40:00",613413,
"2026-08-07 06:50:00",618579,
"2026-08-07 07:00:00",630796,
"2026-08-07 07:10:00",643418,
"2026-08-07 07:20:00",653555,
"2026-08-07 07:30:00",665358,
"2026-08-07 07:40:00",676033,
"2026-08-07 07:50:00",686791,
"2026-08-07 08:00:00",694994,
"2026-08-07 08:10:00",704914,
"2026-08-07 08:20:00",712507,
"2026-08-07 08:30:00",721558,
"2026-08-07 08:40:00",728799,
"2026-08-07 08:50:00",735125,
"2026-08-07 09:00:00",739413,
"2026-08-07 09:10:00",744904,
"2026-08-07 09:20:00",747679,
"2026-08-07 09:30:00",739814,
"2026-08-07 09:40:00",743731,
"2026-08-07 09:50:00",748853,
"2026-08-07 10:00:00",752814,
"2026-08-07 10:10:00",757282,
"2026-08-07 10:20:00",761613,
"2026-08-07 10:30:00",771877,
"2026-08-07 10:40:00",783730,
"2026-08-07 10:50:00",795050,
"2026-08-07 11:00:00",823292,
"2026-08-07 11:10:00",828201,
"2026-08-07 11:20:00",849567,
"2026-08-07 11:30:00",876128,
"2026-08-07 11:40:00",897992,
"2026-08-07 11:50:00",923069,
"2026-08-07 12:00:00",949779,
"2026-08-07 12:10:00",979951,
"2026-08-07 12:20:00",1008690,
"2026-08-07 12:30:00",1035765,
"2026-08-07 12:40:00",1067324,
"2026-08-07 12:50:00",1089369,
"2026-08-07 13:00:00",1114154,
"2026-08-07 13:10:00",1138449,
"2026-08-07 13:20:00",1159004,
"2026-08-07 13:30:00",1175497,
"2026-08-07 13:40:00",1192235,
"2026-08-07 13:50:00",1203848,
"2026-08-07 14:00:00",1207094,
"2026-08-07 14:10:00",1213063,
"2026-08-07 14:20:00",1215758,
"2026-08-07 14:30:00",1213276,
"2026-08-07 14:40:00",1207942,
"2026-08-07 14:50:00",1204288,
"2026-08-07 15:00:00",1189176,
"2026-08-07 15:10:00",1180087,
"2026-08-07 15:20:00",1168448,
"2026-08-07 15:30:00",1155738,
"2026-08-07 15:40:00",1142001,
"2026-08-07 15:50:00",1126215,
"2026-08-07 16:00:00",1110392,
"2026-08-07 16:10:00",1093203,
"2026-08-07 16:20:00",1082679,
"2026-08-07 16:30:00",1072761,
"2026-08-07 16:40:00",1064658,
"2026-08-07 16:50:00",1057946,
"2026-08-07 17:00:00",1052119,
"2026-08-07 17:10:00",1049013,
"2026-08-07 17:20:00",1042057,
"2026-08-07 17:30:00",1045895,
"2026-08-07 17:40:00",1046621,
"2026-08-07 17:50:00",1047432,
"2026-08-07 18:00:00",1049756,
"2026-08-07 18:10:00",1053907,
"2026-08-07 18:20:00",1061099,
"2026-08-07 18:30:00",1058753,
"2026-08-07 18:40:00",1059385,
"2026-08-07 18:50:00",1057986,
"2026-08-07 19:00:00",1059371,
"2026-08-07 19:10:00",1061043,
"2026-08-07 19:20:00",1062863,
"2026-08-07 19:30:00",1059611,
"2026-08-07 19:40:00",1057630,
"2026-08-07 19:50:00",1057683,
"2026-08-07 20:00:00",1061545,
"2026-08-07 20:10:00",1064408,
"2026-08-07 20:20:00",1042093,
"2026-08-07 20:30:00",1031181,
"2026-08-07 20:40:00",1020200,
"2026-08-07 20:50:00",1005918,
"2026-08-07 21:00:00",991360,
"2026-08-07 21:10:00",971369,
"2026-08-07 21:20:00",958026,
"2026-08-07 21:30:00",937426,
"2026-08-07 21:40:00",917703,
"2026-08-07 21:50:00",895849,
"2026-08-07 22:00:00",876168,
"2026-08-07 22:10:00",851542,
"2026-08-07 22:20:00",834141,
"2026-08-07 22:30:00",810015,
"2026-08-07 22:40:00",788002,
"2026-08-07 22:50:00",766952,
"2026-08-07 23:00:00",746790,
"2026-08-07 23:10:00",725145,
"2026-08-07 23:20:00",705560,
"2026-08-07 23:30:00",689129,
"2026-08-07 23:40:00",674069,
"2026-08-07 23:50:00",654633,
"2026-08-08 00:00:00",641658,872718
"2026-08-08 00:10:00",629349,
"2026-08-08 00:20:00",619104,
"2026-08-08 00:30:00",610214,
"2026-08-08 00:40:00",602053,
"2026-08-08 00:50:00",594783,
"2026-08-08 01:00:00",589701,
"2026-08-08 01:10:00",586159,
"2026-08-08 01:20:00",584580,
"2026-08-08 01:30:00",582206,
"2026-08-08 01:40:00",583504,
"2026-08-08 01:50:00",584560,
"2026-08-08 02:00:00",585800,
"2026-08-08 02:10:00",588898,
"2026-08-08 02:20:00",591669,
"2026-08-08 02:30:00",594759,
"2026-08-08 02:40:00",597278,
"2026-08-08 02:50:00",598306,
"2026-08-08 03:00:00",597352,
"2026-08-08 03:10:00",595181,
"2026-08-08 03:20:00",595343,
"2026-08-08 03:30:00",592568,
"2026-08-08 03:40:00",589148,
"2026-08-08 03:50:00",585625,
"2026-08-08 04:00:00",581947,
"2026-08-08 04:10:00",580342,
"2026-08-08 04:20:00",579599,
"2026-08-08 04:30:00",586009,
"2026-08-08 04:40:00",581552,
"2026-08-08 04:50:00",591396,
"2026-08-08 05:00:00",602609,
"2026-08-08 05:10:00",622667,
"2026-08-08 05:20:00",621086,
"2026-08-08 05:30:00",628741,
"2026-08-08 05:40:00",638652,
"2026-08-08 05:50:00",649133,
"2026-08-08 06:00:00",657944,
"2026-08-08 06:10:00",666326,
"2026-08-08 06:20:00",681136,
"2026-08-08 06:30:00",691930,
"2026-08-08 06:40:00",703245,
"2026-08-08 06:50:00",715666,
"2026-08-08 07:00:00",726672,
"2026-08-08 07:10:00",737784,
"2026-08-08 07:20:00",748267,
"2026-08-08 07:30:00",758438,
"2026-08-08 07:40:00",769148,
"2026-08-08 07:50:00",778473,
"2026-08-08 08:00:00",786740,
"2026-08-08 08:10:00",794962,
"2026-08-08 08:20:00",804015,
"2026-08-08 08:30:00",810250,
"2026-08-08 08:40:00",817351,
"2026-08-08 08:50:00",822086,
"2026-08-08 09:00:00",823512,
"2026-08-08 09:10:00",825476,
"2026-08-08 09:20:00",827425,
"2026-08-08 09:30:00",826851,
"2026-08-08 09:40:00",827898,
"2026-08-08 09:50:00",829956,
"2026-08-08 10:00:00",833329,
"2026-08-08 10:10:00",836728,
"2026-08-08 10:20:00",841856,
"2026-08-08 10:30:00",849146,
"2026-08-08 10:40:00",861031,
"2026-08-08 10:50:00",871643,
"2026-08-08 11:00:00",883959,
"2026-08-08 11:10:00",901187,
"2026-08-08 11:20:00",919979,
"2026-08-08 11:30:00",931915,
"2026-08-08 11:40:00",953533,
"2026-08-08 11:50:00",975708,
"2026-08-08 12:00:00",996522,
"2026-08-08 12:10:00",1020807,
"2026-08-08 12:20:00",1051462,
"2026-08-08 12:30:00",1077536,
"2026-08-08 12:40:00",1098386,
"2026-08-08 12:50:00",1125308,
"2026-08-08 13:00:00",1145935,
"2026-08-08 13:10:00",1166422,
"2026-08-08 13:20:00",1179195,
"2026-08-08 13:30:00",1197554,
"2026-08-08 13:40:00",1203641,
"2026-08-08 13:50:00",1222160,
"2026-08-08 14:00:00",1232194,
"2026-08-08 14:10:00",1244036,
"2026-08-08 14:20:00",1252968,
"2026-08-08 14:30:00",1241641,
"2026-08-08 14:40:00",1238196,
"2026-08-08 14:50:00",1230581,
"2026-08-08 15:00:00",1223594,
"2026-08-08 15:10:00",1212630,
"2026-08-08 15:20:00",1194716,
"2026-08-08 15:30:00",1186136,
"2026-08-08 15:40:00",1172474,
"2026-08-08 15:50:00",1158055,
"2026-08-08 16:00:00",1137795,
"2026-08-08 16:10:00",1125744,
"2026-08-08 16:20:00",1116034,
"2026-08-08 16:30:00",1105410,
"2026-08-08 16:40:00",1098426,
"2026-08-08 16:50:00",1091374,
"2026-08-08 17:00:00",1083105,
"2026-08-08 17:10:00",1078842,
"2026-08-08 17:20:00",1074561,
"2026-08-08 17:30:00",1071648,
"2026-08-08 17:40:00",1068828,
"2026-08-08 17:50:00",1068013,
"2026-08-08 18:00:00",1065905,
"2026-08-08 18:10:00",1065387,
"2026-08-08 18:20:00",1066135,
"2026-08-08 18:30:00",1066982,
"2026-08-08 18:40:00",1067678,
"2026-08-08 18:50:00",1067865,
"2026-08-08 19:00:00",1066658,
"2026-08-08 19:10:00",1067160,
"2026-08-08 19:20:00",1066543,
"2026-08-08 19:30:00",1066794,
"2026-08-08 19:40:00",1064125,
"2026-08-08 19:50:00",1061668,
"2026-08-08 20:00:00",1056007,
"2026-08-08 20:10:00",1049573,
"2026-08-08 20:20:00",1042620,
"2026-08-08 20:30:00",1032662,
"2026-08-08 20:40:00",1023673,
"2026-08-08 20:50:00",1011312,
"2026-08-08 21:00:00",997255,
"2026-08-08 21:10:00",977918,
"2026-08-08 21:20:00",963116,
"2026-08-08 21:30:00",951328,
"2026-08-08 21:40:00",928828,
"2026-08-08 21:50:00",910401,
"2026-08-08 22:00:00",887553,
"2026-08-08 22:10:00",866335,
"2026-08-08 22:20:00",845716,
"2026-08-08 22:30:00",822627,
"2026-08-08 22:40:00",804787,
"2026-08-08 22:50:00",773191,
"2026-08-08 23:00:00",758023,
"2026-08-08 23:10:00",737640,
"2026-08-08 23:20:00",728351,
"2026-08-08 23:30:00",705191,
"2026-08-08 23:40:00",686889,
"2026-08-08 23:50:00",670086,
"2026-08-09 00:00:00",653322,869052
"2026-08-09 00:10:00",638259,
"2026-08-09 00:20:00",627052,
"2026-08-09 00:30:00",617946,
"2026-08-09 00:40:00",607605,
"2026-08-09 00:50:00",599219,
"2026-08-09 01:00:00",592374,
"2026-08-09 01:10:00",582624,
"2026-08-09 01:20:00",575565,
"2026-08-09 01:30:00",579062,
"2026-08-09 01:40:00",578400,
"2026-08-09 01:50:00",587658,
"2026-08-09 02:00:00",594214,
"2026-08-09 02:10:00",579225,
"2026-08-09 02:20:00",583453,
"2026-08-09 02:30:00",585159,
"2026-08-09 02:40:00",584995,
"2026-08-09 02:50:00",587720,
"2026-08-09 03:00:00",588323,
"2026-08-09 03:10:00",588482,
"2026-08-09 03:20:00",589155,
"2026-08-09 03:30:00",588190,
"2026-08-09 03:40:00",586031,
"2026-08-09 03:50:00",584096,
"2026-08-09 04:00:00",580733,
"2026-08-09 04:10:00",579167,
"2026-08-09 04:20:00",581609,
"2026-08-09 04:30:00",584503,
"2026-08-09 04:40:00",590644,
"2026-08-09 04:50:00",597872,
"2026-08-09 05:00:00",604600,
"2026-08-09 05:10:00",613345,
"2026-08-09 05:20:00",624968,
"2026-08-09 05:30:00",636633,
"2026-08-09 05:40:00",649113,
"2026-08-09 05:50:00",660451,
"2026-08-09 06:00:00",672693,
"2026-08-09 06:10:00",686892,
"2026-08-09 06:20:00",699054,
"2026-08-09 06:30:00",711937,
"2026-08-09 06:40:00",724616,
"2026-08-09 06:50:00",731297,
"2026-08-09 07:00:00",720509,
"2026-08-09 07:10:00",737298,
"2026-08-09 07:20:00",751176,
"2026-08-09 07:30:00",763233,
"2026-08-09 07:40:00",770809,
"2026-08-09 07:50:00",786715,
"2026-08-09 08:00:00",797482,
"2026-08-09 08:10:00",808691,
"2026-08-09 08:20:00",816339,
"2026-08-09 08:30:00",826203,
"2026-08-09 08:40:00",832735,
"2026-08-09 08:50:00",837964,
"2026-08-09 09:00:00",844079,
"2026-08-09 09:10:00",846229,
"2026-08-09 09:20:00",852143,
"2026-08-09 09:30:00",847719,
"2026-08-09 09:40:00",850293,
"2026-08-09 09:50:00",852527,
"2026-08-09 10:00:00",853947,
"2026-08-09 10:10:00",856852,
"2026-08-09 10:20:00",862605,
"2026-08-09 10:30:00",872986,
"2026-08-09 10:40:00",891049,
"2026-08-09 10:50:00",909425,
"2026-08-09 11:00:00",934468,
"2026-08-09 11:10:00",941728,
"2026-08-09 11:20:00",961838,
"2026-08-09 11:30:00",983208,
"2026-08-09 11:40:00",1007162,
"2026-08-09 11:50:00",1031480,
"2026-08-09 12:00:00",1054408,
"2026-08-09 12:10:00",1080339,
"2026-08-09 12:20:00",1107088,
"2026-08-09 12:30:00",1129843,
"2026-08-09 12:40:00",1155836,
"2026-08-09 12:50:00",1168892,
"2026-08-09 13:00:00",1191576,
"2026-08-09 13:10:00",1211323,
"2026-08-09 13:20:00",1229650,
"2026-08-09 13:30:00",1241633,
"2026-08-09 13:40:00",1252790,
"2026-08-09 13:50:00",1253277,
"2026-08-09 14:00:00",1256422,
"2026-08-09 14:10:00",1259808,
"2026-08-09 14:20:00",1257992,
"2026-08-09 14:30:00",1252513,
"2026-08-09 14:40:00",1241568,
"2026-08-09 14:50:00",1232303,
"2026-08-09 15:00:00",1217890,
"2026-08-09 15:10:00",1201024,
"2026-08-09 15:20:00",1187274,
"2026-08-09 15:30:00",1170289,
"2026-08-09 15:40:00",1159820,
"2026-08-09 15:50:00",1145555,
"2026-08-09 16:00:00",1130694,
"2026-08-09 16:10:00",1112048,
"2026-08-09 16:20:00",1101167,
"2026-08-09 16:30:00",1091397,
"2026-08-09 16:40:00",1083881,
"2026-08-09 16:50:00",1077449,
"2026-08-09 17:00:00",1072776,
"2026-08-09 17:10:00",1069070,
"2026-08-09 17:20:00",1067312,
"2026-08-09 17:30:00",1067933,
"2026-08-09 17:40:00",1069475,
"2026-08-09 17:50:00",1071016,
"2026-08-09 18:00:00",1072905,
"2026-08-09 18:10:00",1076102,
"2026-08-09 18:20:00",1083087,
"2026-08-09 18:30:00",1083155,
"2026-08-09 18:40:00",1085511,
"2026-08-09 18:50:00",1085426,
"2026-08-09 19:00:00",1084463,
"2026-08-09 19:10:00",1085357,
"2026-08-09 19:20:00",1083503,
"2026-08-09 19:30:00",1079889,
"2026-08-09 19:40:00",1066844,
"2026-08-09 19:50:00",1063137,
"2026-08-09 20:00:00",1057060,
"2026-08-09 20:10:00",1056708,
"2026-08-09 20:20:00",1030514,
"2026-08-09 20:30:00",981660,
"2026-08-09 20:40:00",962202,
"2026-08-09 20:50:00",943976,
"2026-08-09 21:00:00",920420,
"2026-08-09 21:10:00",897307,
"2026-08-09 21:20:00",877218,
"2026-08-09 21:30:00",853352,
"2026-08-09 21:40:00",829175,
"2026-08-09 21:50:00",811824,
"2026-08-09 22:00:00",792468,
"2026-08-09 22:10:00",772004,
"2026-08-09 22:20:00",752081,
"2026-08-09 22:30:00",730509,
"2026-08-09 22:40:00",711977,
"2026-08-09 22:50:00",694449,
"2026-08-09 23:00:00",676226,
"2026-08-09 23:10:00",659350,
"2026-08-09 23:20:00",643560,
"2026-08-09 23:30:00",629437,
"2026-08-09 23:40:00",616891,
"2026-08-09 23:50:00",604886,
"2026-08-10 00:00:00",591850,800993
"2026-08-10 00:10:00",580233,
"2026-08-10 00:20:00",569171,
"2026-08-10 00:30:00",554407,
"2026-08-10 00:40:00",550148,
"2026-08-10 00:50:00",545005,
"2026-08-10 01:00:00",539743,
"2026-08-10 01:10:00",535142,
"2026-08-10 01:20:00",531929,
"2026-08-10 01:30:00",528814,
"2026-08-10 01:40:00",527216,
"2026-08-10 01:50:00",525655,
"2026-08-10 02:00:00",521070,
"2026-08-10 02:10:00",522184,
"2026-08-10 02:20:00",521074,
"2026-08-10 02:30:00",519351,
"2026-08-10 02:40:00",517900,
"2026-08-10 02:50:00",515374,
"2026-08-10 03:00:00",512379,
"2026-08-10 03:10:00",507383,
"2026-08-10 03:20:00",503956,
"2026-08-10 03:30:00",500602,
"2026-08-10 03:40:00",495187,
"2026-08-10 03:50:00",492524,
"2026-08-10 04:00:00",486046,
"2026-08-10 04:10:00",484390,
"2026-08-10 04:20:00",485023,
"2026-08-10 04:30:00",490642,
"2026-08-10 04:40:00",486899,
"2026-08-10 04:50:00",496347,
"2026-08-10 05:00:00",508183,
"2026-08-10 05:10:00",529330,
"2026-08-10 05:20:00",526700,
"2026-08-10 05:30:00",536381,
"2026-08-10 05:40:00",546135,
"2026-08-10 05:50:00",553391,
"2026-08-10 06:00:00",565270,
"2026-08-10 06:10:00",573463,
"2026-08-10 06:20:00",586656,
"2026-08-10 06:30:00",598296,
"2026-08-10 06:40:00",609632,
"2026-08-10 06:50:00",620615,
"2026-08-10 07:00:00",631302,
"2026-08-10 07:10:00",643432,
"2026-08-10 07:20:00",655967,
"2026-08-10 07:30:00",667870,
"2026-08-10 07:40:00",680426,
"2026-08-10 07:50:00",690698,
"2026-08-10 08:00:00",697610,
"2026-08-10 08:10:00",707210,
"2026-08-10 08:20:00",717140,
"2026-08-10 08:30:00",725331,
"2026-08-10 08:40:00",725331,
"2026-08-10 08:50:00",735850,
"2026-08-10 09:00:00",738348,
"2026-08-10 09:10:00",742600,
"2026-08-10 09:20:00",746563,
"2026-08-10 09:30:00",748544,
"2026-08-10 09:40:00",750522,
"2026-08-10 09:50:00",753926,
"2026-08-10 10:00:00",755861,
"2026-08-10 10:10:00",762778,
"2026-08-10 10:20:00",763123,
"2026-08-10 10:30:00",772294,
"2026-08-10 10:40:00",784190,
"2026-08-10 10:50:00",799550,
"2026-08-10 11:00:00",815191,
"2026-08-10 11:10:00",829320,
"2026-08-10 11:20:00",851282,
"2026-08-10 11:30:00",874039,
"2026-08-10 11:40:00",898227,
"2026-08-10 11:50:00",922261,
"2026-08-10 12:00:00",946074,
"2026-08-10 12:10:00",973150,
"2026-08-10 12:20:00",1000759,
"2026-08-10 12:30:00",1028720,
"2026-08-10 12:40:00",1055052,
"2026-08-10 12:50:00",1074638,
"2026-08-10 13:00:00",1094135,
"2026-08-10 13:10:00",1114200,
"2026-08-10 13:20:00",1135057,
"2026-08-10 13:30:00",1145267,
"2026-08-10 13:40:00",1157077,
"2026-08-10 13:50:00",1161263,
"2026-08-10 14:00:00",1168195,
"2026-08-10 14:10:00",1178706,
"2026-08-10 14:20:00",1185130,
"2026-08-10 14:30:00",1167582,
"2026-08-10 14:40:00",1160421,
"2026-08-10 14:50:00",1151428,
"2026-08-10 15:00:00",1137994,
"2026-08-10 15:10:00",1125630,
"2026-08-10 15:20:00",1111825,
"2026-08-10 15:30:00",1098570,
"2026-08-10 15:40:00",1084968,
"2026-08-10 15:50:00",1072258,
"2026-08-10 16:00:00",1057631,
"2026-08-10 16:10:00",1043159,
"2026-08-10 16:20:00",1035753,
"2026-08-10 16:30:00",1028265,
"2026-08-10 16:40:00",1025057,
"2026-08-10 16:50:00",1022613,
"2026-08-10 17:00:00",1020147,
"2026-08-10 17:10:00",1020994,
"2026-08-10 17:20:00",1023435,
"2026-08-10 17:30:00",1026800,
"2026-08-10 17:40:00",1029954,
"2026-08-10 17:50:00",1032945,
"2026-08-10 18:00:00",1037612,
"2026-08-10 18:10:00",1042122,
"2026-08-10 18:20:00",1048450,
"2026-08-10 18:30:00",1052736,
"2026-08-10 18:40:00",1055184,
"2026-08-10 18:50:00",1055204,
"2026-08-10 19:00:00",1047875,
"2026-08-10 19:10:00",1047578,
"2026-08-10 19:20:00",1049698,
"2026-08-10 19:30:00",1047176,
"2026-08-10 19:40:00",1039347,
"2026-08-10 19:50:00",1034721,
"2026-08-10 20:00:00",1026572,
"2026-08-10 20:10:00",1012714,
"2026-08-10 20:20:00",995927,
"2026-08-10 20:30:00",976996,
"2026-08-10 20:40:00",958915,
"2026-08-10 20:50:00",939175,
"2026-08-10 21:00:00",915785,
"2026-08-10 21:10:00",887928,
"2026-08-10 21:20:00",868612,
"2026-08-10 21:30:00",853257,
"2026-08-10 21:40:00",828656,
"2026-08-10 21:50:00",807739,
"2026-08-10 22:00:00",785031,
"2026-08-10 22:10:00",761586,
"2026-08-10 22:20:00",739803,
"2026-08-10 22:30:00",717056,
"2026-08-10 22:40:00",703889,
"2026-08-10 22:50:00",681095,
"2026-08-10 23:00:00",672787,
"2026-08-10 23:10:00",661968,
"2026-08-10 23:20:00",650332,
"2026-08-10 23:30:00",635406,
"2026-08-10 23:40:00",624540,
"2026-08-10 23:50:00",613592,
"2026-08-11 00:00:00",601012,798416
"2026-08-11 00:10:00",,
"2026-08-11 00:20:00",581029,
"2026-08-11 00:30:00",576028,
"2026-08-11 00:40:00",571734,
"2026-08-11 00:50:00",566973,
"2026-08-11 01:00:00",561915,
"2026-08-11 01:10:00",554040,
"2026-08-11 01:20:00",546887,
"2026-08-11 01:30:00",552848,
"2026-08-11 01:40:00",551562,
"2026-08-11 01:50:00",557129,
"2026-08-11 02:00:00",563535,
"2026-08-11 02:10:00",559195,
"2026-08-11 02:20:00",558237,
"2026-08-11 02:30:00",556533,
"2026-08-11 02:40:00",552915,
"2026-08-11 02:50:00",546057,
"2026-08-11 03:00:00",541156,
"2026-08-11 03:10:00",530713,
"2026-08-11 03:20:00",530031,
"2026-08-11 03:30:00",527658,
"2026-08-11 03:40:00",524280,
"2026-08-11 03:50:00",519508,
"2026-08-11 04:00:00",516089,
"2026-08-11 04:10:00",511864,
"2026-08-11 04:20:00",510652,
"2026-08-11 04:30:00",512512,
"2026-08-11 04:40:00",515295,
"2026-08-11 04:50:00",519651,
"2026-08-11 05:00:00",523435,
"2026-08-11 05:10:00",530173,
"2026-08-11 05:20:00",535521,
"2026-08-11 05:30:00",542084,
"2026-08-11 05:40:00",551461,
"2026-08-11 05:50:00",560717,
"2026-08-11 06:00:00",568194,
"2026-08-11 06:10:00",577107,
"2026-08-11 06:20:00",579809,
"2026-08-11 06:30:00",590118,
"2026-08-11 06:40:00",600391,
"2026-08-11 06:50:00",611859,
"2026-08-11 07:00:00",621371,
"2026-08-11 07:10:00",629021,
"2026-08-11 07:20:00",641478,
"2026-08-11 07:30:00",652425,
"2026-08-11 07:40:00",664580,
"2026-08-11 07:50:00",673272,
"2026-08-11 08:00:00",683036,
"2026-08-11 08:10:00",692679,
"2026-08-11 08:20:00",704245,
"2026-08-11 08:30:00",712703,
"2026-08-11 08:40:00",721327,
"2026-08-11 08:50:00",728562,
"2026-08-11 09:00:00",731566,
"2026-08-11 09:10:00",735770,
"2026-08-11 09:20:00",741647,
"2026-08-11 09:30:00",744726,
"2026-08-11 09:40:00",747373,
"2026-08-11 09:50:00",749956,
"2026-08-11 10:00:00",753703,
"2026-08-11 10:10:00",756310,
"2026-08-11 10:20:00",763106,
"2026-08-11 10:30:00",776686,
"2026-08-11 10:40:00",791345,
"2026-08-11 10:50:00",808158,
"2026-08-11 11:00:00",838708,
"2026-08-11 11:10:00",846203,
"2026-08-11 11:20:00",866379,
"2026-08-11 11:30:00",888790,
"2026-08-11 11:40:00",911511,
"2026-08-11 11:50:00",934513,
"2026-08-11 12:00:00",960252,
"2026-08-11 12:10:00",988146,
"2026-08-11 12:20:00",1015654,
"2026-08-11 12:30:00",1042918,
"2026-08-11 12:40:00",1069621,
"2026-08-11 12:50:00",1091551,
"2026-08-11 13:00:00",1110578,
"2026-08-11 13:10:00",1127483,
"2026-08-11 13:20:00",1145505,
"2026-08-11 13:30:00",1160682,
"2026-08-11 13:40:00",1172828,
"2026-08-11 13:50:00",1178454,
"2026-08-11 14:00:00",1178497,
"2026-08-11 14:10:00",1179493,
"2026-08-11 14:20:00",1178290,
"2026-08-11 14:30:00",1176880,
"2026-08-11 14:40:00",1169099,
"2026-08-11 14:50:00",1161092,
"2026-08-11 15:00:00",1147579,
"2026-08-11 15:10:00",1133381,
"2026-08-11 15:20:00",1121837,
"2026-08-11 15:30:00",1108828,
"2026-08-11 15:40:00",1095388,
"2026-08-11 15:50:00",1082656,
"2026-08-11 16:00:00",1070394,
"2026-08-11 16:10:00",1055705,
"2026-08-11 16:20:00",1046352,
"2026-08-11 16:30:00",1039898,
"2026-08-11 16:40:00",1034436,
"2026-08-11 16:50:00",1031923,
"2026-08-11 17:00:00",1031464,
"2026-08-11 17:10:00",1029620,
"2026-08-11 17:20:00",1030429,
"2026-08-11 17:30:00",1032090,
"2026-08-11 17:40:00",1033288,
"2026-08-11 17:50:00",1039003,
"2026-08-11 18:00:00",1040472,
"2026-08-11 18:10:00",1041747,
"2026-08-11 18:20:00",1045654,
"2026-08-11 18:30:00",1047865,
"2026-08-11 18:40:00",1049032,
"2026-08-11 18:50:00",1037480,
"2026-08-11 19:00:00",1035755,
"2026-08-11 19:10:00",1029892,
"2026-08-11 19:20:00",1030455,
"2026-08-11 19:30:00",1013707,
"2026-08-11 19:40:00",999581,
"2026-08-11 19:50:00",995914,
"2026-08-11 20:00:00",996763,
"2026-08-11 20:10:00",991052,
"2026-08-11 20:20:00",969890,
"2026-08-11 20:30:00",957306,
"2026-08-11 20:40:00",942251,
"2026-08-11 20:50:00",924066,
"2026-08-11 21:00:00",904465,
"2026-08-11 21:10:00",879925,
"2026-08-11 21:20:00",863080,
"2026-08-11 21:30:00",841467,
"2026-08-11 21:40:00",831691,
"2026-08-11 21:50:00",811583,
"2026-08-11 22:00:00",790510,
"2026-08-11 22:10:00",590341,
"2026-08-11 22:20:00",587570,
"2026-08-11 22:30:00",585764,
"2026-08-11 22:40:00",583411,
"2026-08-11 22:50:00",571813,
"2026-08-11 23:00:00",557501,
"2026-08-11 23:10:00",549856,
"2026-08-11 23:20:00",538866,
"2026-08-11 23:30:00",527720,
"2026-08-11 23:40:00",516708,
"2026-08-11 23:50:00",504225,
"2026-08-12 00:00:00",494856,805325
"2026-08-12 00:10:00",488663,
"2026-08-12 00:20:00",484740,
"2026-08-12 00:30:00",480965,
"2026-08-12 00:40:00",478987,
"2026-08-12 00:50:00",479823,
"2026-08-12 01:00:00",486646,
"2026-08-12 01:10:00",493541,
"2026-08-12 01:20:00",489688,
"2026-08-12 01:30:00",494192,
"2026-08-12 01:40:00",486438,
"2026-08-12 01:50:00",502486,
"2026-08-12 02:00:00",511031,
"2026-08-12 02:10:00",507809,
"2026-08-12 02:20:00",511590,
"2026-08-12 02:30:00",512183,
"2026-08-12 02:40:00",512226,
"2026-08-12 02:50:00",510666,
"2026-08-12 03:00:00",507738,
"2026-08-12 03:10:00",504895,
"2026-08-12 03:20:00",500035,
"2026-08-12 03:30:00",495933,
"2026-08-12 03:40:00",490152,
"2026-08-12 03:50:00",486090,
"2026-08-12 04:00:00",481976,
"2026-08-12 04:10:00",479046,
"2026-08-12 04:20:00",481479,
"2026-08-12 04:30:00",486087,
"2026-08-12 04:40:00",492197,
"2026-08-12 04:50:00",499594,
"2026-08-12 05:00:00",507527,
"2026-08-12 05:10:00",513580,
"2026-08-12 05:20:00",523460,
"2026-08-12 05:30:00",535812,
"2026-08-12 05:40:00",546745,
"2026-08-12 05:50:00",558494,
"2026-08-12 06:00:00",567753,
"2026-08-12 06:10:00",582541,
"2026-08-12 06:20:00",595403,
"2026-08-12 06:30:00",609449,
"2026-08-12 06:40:00",622518,
"2026-08-12 06:50:00",633230,
"2026-08-12 07:00:00",645382,
"2026-08-12 07:10:00",652809,
"2026-08-12 07:20:00",662065,
"2026-08-12 07:30:00",674880,
"2026-08-12 07:40:00",686349,
"2026-08-12 07:50:00",696712,
"2026-08-12 08:00:00",706057,
"2026-08-12 08:10:00",716441,
"2026-08-12 08:20:00",720941,
"2026-08-12 08:30:00",734782,
"2026-08-12 08:40:00",745347,
"2026-08-12 08:50:00",750349,
"2026-08-12 09:00:00",751773,
"2026-08-12 09:10:00",755266,
"2026-08-12 09:20:00",759856,
"2026-08-12 09:30:00",760466,
"2026-08-12 09:40:00",761887,
"2026-08-12 09:50:00",758025,
"2026-08-12 10:00:00",763565,
"2026-08-12 10:10:00",771384,
"2026-08-12 10:20:00",772875,
"2026-08-12 10:30:00",784222,
"2026-08-12 10:40:00",793140,
"2026-08-12 10:50:00",817460,
"2026-08-12 11:00:00",846227,
"2026-08-12 11:10:00",851870,
"2026-08-12 11:20:00",875752,
"2026-08-12 11:30:00",914472,
"2026-08-12 11:40:00",943016,
"2026-08-12 11:50:00",971998,
"2026-08-12 12:00:00",998565,
"2026-08-12 12:10:00",1030517,
"2026-08-12 12:20:00",1057222,
"2026-08-12 12:30:00",1086416,
"2026-08-12 12:40:00",1117329,
"2026-08-12 12:50:00",1137480,
"2026-08-12 13:00:00",1160491,
"2026-08-12 13:10:00",1183500,
"2026-08-12 13:20:00",1195265,
"2026-08-12 13:30:00",1207451,
"2026-08-12 13:40:00",1216397,
"2026-08-12 13:50:00",1215830,
"2026-08-12 14:00:00",1210436,
"2026-08-12 14:10:00",1207754,
"2026-08-12 14:20:00",1204156,
"2026-08-12 14:30:00",1204488,
"2026-08-12 14:40:00",1203125,
"2026-08-12 14:50:00",1186586,
"2026-08-12 15:00:00",1170595,
"2026-08-12 15:10:00",1157229,
"2026-08-12 15:20:00",1144879,
"2026-08-12 15:30:00",1129480,
"2026-08-12 15:40:00",1114947,
"2026-08-12 15:50:00",1100538,
"2026-08-12 16:00:00",1084157,
"2026-08-12 16:10:00",1071917,
"2026-08-12 16:20:00",1063182,
"2026-08-12 16:30:00",1055045,
"2026-08-12 16:40:00",1044077,
"2026-08-12 16:50:00",1039524,
"2026-08-12 17:00:00",1030585,
"2026-08-12 17:10:00",1035791,
"2026-08-12 17:20:00",1038606,
"2026-08-12 17:30:00",1042406,
"2026-08-12 17:40:00",1045754,
"2026-08-12 17:50:00",1047539,
"2026-08-12 18:00:00",1048090,
"2026-08-12 18:10:00",1052796,
"2026-08-12 18:20:00",1060324,
"2026-08-12 18:30:00",1060128,
"2026-08-12 18:40:00",1064636,
"2026-08-12 18:50:00",1063824,
"2026-08-12 19:00:00",1061572,
"2026-08-12 19:10:00",1058581,
"2026-08-12 19:20:00",1060180,
"2026-08-12 19:30:00",1050147,
"2026-08-12 19:40:00",1038397,
"2026-08-12 19:50:00",1032996,
"2026-08-12 20:00:00",1028108,
"2026-08-12 20:10:00",1025752,
"2026-08-12 20:20:00",998121,
"2026-08-12 20:30:00",980194,
"2026-08-12 20:40:00",957419,
"2026-08-12 20:50:00",930924,
"2026-08-12 21:00:00",896859,
"2026-08-12 21:10:00",878221,
"2026-08-12 21:20:00",863425,
"2026-08-12 21:30:00",845272,
"2026-08-12 21:40:00",827485,
"2026-08-12 21:50:00",808393,
"2026-08-12 22:00:00",786757,
"2026-08-12 22:10:00",761843,
"2026-08-12 22:20:00",738094,
"2026-08-12 22:30:00",723392,
"2026-08-12 22:40:00",706211,
"2026-08-12 22:50:00",683369,
"2026-08-12 23:00:00",590231,
"2026-08-12 23:10:00",571926,
"2026-08-12 23:20:00",560493,
"2026-08-12 23:30:00",565119,
"2026-08-12 23:40:00",568538,
"2026-08-12 23:50:00",567998,
"2026-08-13 00:00:00",565480,833139
"2026-08-13 00:10:00",546207,
"2026-08-13 00:20:00",546053,
"2026-08-13 00:30:00",526019,
"2026-08-13 00:40:00",507518,
"2026-08-13 00:50:00",494105,
"2026-08-13 01:00:00",492374,833893
"2026-08-13 01:10:00",497058,
"2026-08-13 01:20:00",495668,
"2026-08-13 01:30:00",501064,
"2026-08-13 01:40:00",502835,
"2026-08-13 01:50:00",511765,
"2026-08-13 02:00:00",517275,834570
"2026-08-13 02:10:00",514944,
"2026-08-13 02:20:00",516332,
"2026-08-13 02:30:00",516879,
"2026-08-13 02:40:00",517823,
"2026-08-13 02:50:00",517819,
"2026-08-13 03:00:00",517768,835422
"2026-08-13 03:10:00",515128,
"2026-08-13 03:20:00",513731,
"2026-08-13 03:30:00",511495,
"2026-08-13 03:40:00",506808,
"2026-08-13 03:50:00",502821,
"2026-08-13 04:00:00",498352,836168
"2026-08-13 04:10:00",496670,
"2026-08-13 04:20:00",497008,
"2026-08-13 04:30:00",499721,
"2026-08-13 04:40:00",502440,
"2026-08-13 04:50:00",507031,
"2026-08-13 05:00:00",512124,836411
"2026-08-13 05:10:00",518995,
"2026-08-13 05:20:00",527229,
"2026-08-13 05:30:00",535770,
"2026-08-13 05:40:00",545142,
"2026-08-13 05:50:00",553405,
"2026-08-13 06:00:00",560309,836144
"2026-08-13 06:10:00",572954,
"2026-08-13 06:20:00",583322,
"2026-08-13 06:30:00",594462,
"2026-08-13 06:40:00",605336,
"2026-08-13 06:50:00",617402,
"2026-08-13 07:00:00",628458,835879
"2026-08-13 07:10:00",639726,
"2026-08-13 07:20:00",649595,
"2026-08-13 07:30:00",661093,
"2026-08-13 07:40:00",671151,
"2026-08-13 07:50:00",683084,
"2026-08-13 08:00:00",692599,834496
"2026-08-13 08:10:00",702587,
"2026-08-13 08:20:00",712060,834496